Name,Predominant Degree,Highest Degree,Control,Region,Locale,Admission Rate,ACT Median,SAT Average,UndergradPopulation,% White,% Black,% Hispanic,% Asian,% American Indian,% Pacific Islander,% Biracial,% Nonresident Aliens,% Part-time Undergrads,Average Cost,Expenditure Per Student,Average Faculty Salary,% Full-time Faculty,% Undergrads with Pell Grant,Completion Rate 150% time,Retention Rate (First Time Students),% Undergrads 25+ y.o.,3 Year Default Rate,Median Debt,Median Debt on Graduation,Median Debt on Withdrawal,% Federal Loans,% Pell Grant Recipients,Average Age of Entry,Average Family Income,Median Family Income,Poverty Rate,Number of Unemployed 8 years after entry,Number of Employed 8 years after entry,Mean Earnings 8 years After Entry,Median Earnings 8 years After Entry
Abilene Christian University,3,4,Private,Southwest,Mid-size City,0.4894,24,1087,3647,0.7069,0.076,0.1206,0.0099,0.0036,0.0005,0.0373,0.0417,0.0398,39811,8737,5508,0.9204,0.2347,0.5637,0.7941,0.0381,7.5,20698.5,26237.5,9500,0.970000029,0.439999998,20.22999954,86392,75873.5,7.800000191,130,1327,39800,37200
Adams State University,3,4,Public,Rocky Mountains,Remote Town,0.526,20,939,2227,0.5123,0.0768,0.3026,0.0112,0.0153,0.0063,0.04,0,0.1612,17759,7996,5986,0.5088,0.5029,0.227,0.5592,0.2106,9.3,11000,0,11000,0.829999983,0.730000019,24.12999916,45711.23,34243,11.84000015,99,752,33600,30700
Adelphi University,3,4,Private,Mid-Atlantic,Large Suburb,0.6814,22,1098,5000,0.5296,0.1062,0.1336,0.0756,0.0016,0.002,0.022,0.0396,0.0952,41559,12142,11315,0.3203,0.2951,0.6251,0.8112,0.1562,3.7,21325,25000,13000,0.949999988,0.449999988,23.12999916,74831.68,54115,7.46999979,152,1524,52200,49400
Adrian College,3,3,Private,Great Lakes,Distant Town,0.5628,22,1007,1616,0.7605,0.1002,0.0217,0.0056,0.0037,0.0006,0.0384,0.0006,0.021,40199,7091,7453,0.4767,0.4368,0.5445,0.5811,0.023,7.7,14250,27000,7655,0.99000001,0.479999989,19.62999916,77959.35,71008.5,5.710000038,34,393,35000,33800
Adventist University of Health Sciences,3,4,Private,Southeast,Mid-size City,0.1336,19,884,2064,0.4748,0.1434,0.2016,0.0562,0.0039,0.0044,0.0199,0.0048,0.7108,21358,8382,6539,0.988,0.3595,0.3953,0.7143,0.6056,5.4,15236,20730,9788,0.899999976,0.5,28.70999908,58585.71,49657.5,8.300000191,49,587,52400,51800
AIB College of Business,3,3,Private,Great Plains,Mid-size City,0.6887,0,0,1007,0.6306,0.0497,0.0586,0.0189,0.006,0.003,0.0218,0.0278,0.2741,22469,3208,4706,1,0.3635,0.6054,0,0.3209,7.9,13125,20500,7125,0.949999988,0.519999981,22.76000023,56250.95,53783,5.639999866,47,585,34900,34200
Alabama A & M University,3,4,Public,Southeast,Mid-size City,0.8989,17,823,4051,0.0279,0.9501,0.0089,0.0022,0.0012,0.001,0,0.0002,0.0622,18888,7459,7079,0.8856,0.7115,0.2914,0.6314,0.1049,16.3,19500,33611.5,14250,0.930000007,0.810000002,20.62999916,40211.22,29039,14.88000011,221,1491,30300,27000
Alabama State University,3,4,Public,Southeast,Mid-size City,0.5125,17,830,5354,0.0161,0.9285,0.0114,0.0015,0.0009,0.0007,0.0064,0.0207,0.0902,17400,7393,6557,0.6641,0.8265,0.2517,0.6219,0.127,19.1,15854.5,33452,12500,0.939999998,0.850000024,20.88999939,31846.99,24029.5,16.95999908,274,1732,26400,22400
Albany College of Pharmacy and Health Sciences,3,4,Private,Mid-Atlantic,Small City,0.634,27,1195,1075,0.6633,0.0381,0.0484,0.1284,0.0028,0.0019,0.0084,0.0586,0.0167,40718,11879,8530,0.7703,0.2215,0.7235,0.8097,0.1039,1,24930.5,25000,15000,0.99000001,0.280000001,21.05999947,87171.28,80225,7.650000095,9,403,110300,125600
Albany State University,3,4,Public,Southeast,Small City,0.1992,19,887,3566,0.0443,0.91,0.0095,0.0017,0.0014,0.0003,0.002,0.0025,0.1551,19025,7089,5607,0.8679,0.7229,0.4249,0.697,0.2396,18,24500,31750,17250,0.910000026,0.810000002,22.45999908,40236.45,29794,14.09000015,106,783,30700,27900
Albertus Magnus College,3,4,Private,New England,Mid-size City,0.6821,0,830,1278,0.4476,0.277,0.1354,0.0141,0.0023,0,0.0141,0.0016,0.0618,41520,5204,7601,0.3494,0.5811,0.6063,0.9256,0.5133,7,26313,29000,19392,0.980000019,0.469999999,29.63999939,61019.77,50062.5,9.180000305,67,740,52700,48900
Albion College,3,3,Private,Great Lakes,Fringe Town,0.5639,25,1143,1284,0.8178,0.0343,0.0335,0.0156,0.0031,0.0008,0.0288,0.0304,0.0125,45690,11574,6969,0.7857,0.2366,0.736,0.8056,0.013,5.3,22500,27000,12000,0.970000029,0.379999995,19.20999908,95788.54,85027.5,5.510000229,28,448,46500,40800
Albright College,3,4,Private,Mid-Atlantic,Small City,0.6231,23,1033,2333,0.6215,0.1582,0.0883,0.0257,0.006,0.0004,0.0146,0.0309,0.0077,46170,9620,6340,0.4897,0.4075,0.5371,0.7146,0.2452,6.7,24562.5,28910,12500,0.980000019,0.400000006,23.62999916,75540.42,66577.5,6.139999866,55,874,44900,41700
Alcorn State University,3,4,Public,Southeast,Remote Rural,0.8291,18,851,3157,0.0326,0.9328,0.006,0.0016,0.0003,0.0025,0.0114,0.0127,0.1346,20330,7261,6431,0.7768,0.7918,0.3463,0.6838,0.254,15.8,19696.5,27940.5,17485,0.920000017,0.879999995,22.82999992,30021.21,21250,22.07999992,110,780,29600,26200
Alderson Broaddus University,3,4,Private,Southeast,Distant Town,0.4321,22,989,1032,0.7403,0.1609,0.0397,0.0116,0.0068,0,0.0107,0.03,0.0388,33057,7403,4924,1,0.4818,0.4575,0.5761,0.0722,9.9,9500,29000,5500,0.980000019,0.660000026,21.69000053,55945.87,48013,13.40999985,36,248,45100,43500
Alfred University,3,4,Private,Mid-Atlantic,Remote Town,0.698,25,1106,1905,0.6751,0.0819,0.0688,0.0163,0.001,0,0.0262,0.0152,0.011,38830,10891,6408,0.8249,0.3804,0.6216,0.7463,0.0311,6.9,21500,27000,6500,0.99000001,0.460000008,19.87999916,78026.36,69334,7.409999847,66,712,39800,35400
Allegheny College,3,3,Private,Mid-Atlantic,Distant Town,0.6487,26,1182,2126,0.802,0.0437,0.0616,0.0254,0.0005,0,0.0405,0.0216,0.0042,50044,12490,8108,1,0.2621,0.7917,0.8545,0.0088,2.6,27000,28800,8750,0.980000019,0.349999994,19.40999985,95883.88,85933,6.050000191,46,535,46000,42200
Alma College,3,3,Private,Great Lakes,Distant Town,0.6791,25,1100,1385,0.8657,0.0217,0.0303,0.0166,0.0087,0,0.0245,0.0036,0.0101,43157,9213,7256,0.589,0.306,0.6118,0.7885,0.0113,7.8,21500,27000,11000,0.980000019,0.449999988,19.51000023,86192.91,74312,6.119999886,23,379,40800,38000
Alvernia University,3,4,Private,Mid-Atlantic,Small City,0.7762,20,976,2169,0.7045,0.1415,0.0742,0.0143,0.0005,0.0005,0.0161,0.0018,0.2084,39999,6251,6152,1,0.346,0.5132,0.7105,0.3235,6.9,22500,27000,11000,0.959999979,0.479999989,25.30999947,64848.34,53135,8.489999771,94,780,41200,40400
Alverno College,3,4,Private,Great Lakes,Large City,0.7887,20,950,1833,0.5428,0.1768,0.1811,0.0475,0.012,0.0016,0.0316,0.0065,0.2679,30496,7404,5550,0.4491,0.6102,0.3852,0.7173,0.3464,8.3,25500,33110,15250,0.970000029,0.670000017,24.29000092,52454.06,38705,10.02000046,77,678,36700,34500
American International College,3,4,Private,New England,Mid-size City,0.6779,19,885,1513,0.4382,0.2538,0.0826,0.0152,0.004,0.0073,0.0443,0.0093,0.0767,40803,4924,5700,0.1848,0.5027,0.4487,0.6482,0.2102,6,20726,27000,9500,0.970000029,0.550000012,22.63999939,60826.01,49259,10.44999981,58,602,40000,36100
American University,3,4,Private,Mid-Atlantic,Large City,0.4312,28,1258,6829,0.5671,0.064,0.1012,0.0638,0.0018,0.0004,0.0499,0.0688,0.0346,55159,12700,11074,0.5764,0.1565,0.7989,0.8821,0.0252,3.3,19500,23500,9250,0.980000019,0.310000002,20.04999924,105560.77,86431,5.340000153,153,1443,55900,51600
Amherst College,3,3,Private,New England,Large Suburb,0.1428,32,1434,1785,0.4174,0.1165,0.1283,0.1255,0.0011,0,0.056,0.0958,0,59060,23275,11690,0.9149,0.1998,0.9578,0.9762,0.0123,4.5,10453,11185.5,7500,0.839999974,0.409999996,19.32999992,107166.93,85922,6.96999979,23,190,71100,54000
Anderson University,3,4,Private,Great Lakes,Small City,0.5545,23,1053,1862,0.811,0.0575,0.0269,0.007,0.0032,0.0027,0.0043,0.0328,0.0725,37937,8062,6395,1,0.3358,0.5678,0.734,0.1215,4.3,23000,27999,12000,0.970000029,0.449999988,21.51000023,78026.29,72723,5.400000095,95,925,36800,33400
Anderson University,3,4,Private,Southeast,Small City,0.6502,24,1079,2381,0.8202,0.0962,0.0328,0.0101,0.0067,0.0004,0,0,0.105,35340,5009,6409,0.4195,0.3422,0.4138,0.734,0.1802,9.6,19500,27000,9624.5,0.939999998,0.560000002,22.20000076,68927.17,58707.5,8.300000191,57,541,35200,32600
Andrews University,3,4,Private,Great Lakes,Fringe Town,0.3751,23,1070,1765,0.2856,0.2232,0.1337,0.1258,0.0028,0.0028,0.03,0.1796,0.0867,33653,11640,4961,1,0.3155,0.6036,0.7859,0.116,7.6,23000,29500,15250,0.959999979,0.629999995,21.67000008,60803.03,53737,7.929999828,76,405,38900,33400
Angelo State University,3,4,Public,Southwest,Small City,0.8049,21,965,5430,0.5451,0.0818,0.305,0.0101,0.0048,0.0007,0.0227,0.0287,0.1348,19511,6830,6867,0.7851,0.4264,0.2975,0.5457,0.1407,13.4,11773,21594,8250,0.850000024,0.660000026,21.37999916,53847.09,43559,11.36999989,156,1853,37800,34500
Anna Maria College,3,4,Private,New England,Fringe Rural,0.7756,0,0,1135,0.7198,0.0784,0.067,0.0106,0.0035,0.0018,0.0211,0.0026,0.2555,42770,6758,3553,0.2604,0.3655,0.469,0.687,0.2948,10,18125,26000,9500,0.980000019,0.419999987,21.17000008,73629.92,67437,6.579999924,23,248,39400,36000
Appalachian State University,3,4,Public,Southeast,Distant Town,0.6323,26,1156,15840,0.8612,0.0306,0.0419,0.0136,0.0025,0.0007,0.0239,0.0076,0.0516,17780,7361,7657,0.724,0.259,0.6857,0.8718,0.0734,4.8,15635,19526,9500,0.930000007,0.460000008,20.68000031,78640.38,69100,6.860000134,262,2992,36100,33600
Aquinas College,3,4,Private,Great Lakes,Mid-size City,0.7135,24,1090,1843,0.8486,0.032,0.0521,0.0081,0.0049,0,0.0157,0.0071,0.1134,34593,6032,5972,0.3922,0.3356,0.5976,0.7583,0.1106,9.2,19474,25000,15000,0.949999988,0.5,21.71999931,76310.3,72085,6.289999962,54,462,35200,31200
Arcadia University,3,4,Private,Mid-Atlantic,Large Suburb,0.5969,25,1095,2400,0.7338,0.0846,0.0558,0.0463,0.0025,0.0017,0.0354,0.0204,0.0588,48907,8548,7962,0.3214,0.337,0.605,0.854,0.0775,4.9,22000,27000,10875,0.970000029,0.400000006,20.35000038,83924.41,76319,5.78000021,81,751,41100,38100
Arizona State University-Downtown Phoenix,3,4,Public,Southwest,Large City,0.757,24,1085,8555,0.5476,0.06,0.2701,0.0456,0.0243,0.0027,0.0328,0.0116,0.1146,22909,9165,8746,0.8561,0.4245,0.4732,0.8408,0.1986,8.5,16250,20375,11000,0,0,0,0,0,0,0,0,0,0
Arizona State University-Polytechnic,3,4,Public,Southwest,Large City,0.7479,24,1106,3305,0.6054,0.0375,0.1894,0.052,0.0194,0.0027,0.03,0.059,0.1573,21256,9407,8042,0.94,0.4074,0.5505,0.8378,0.33,8.5,16250,20375,11000,0.879999995,0.589999974,22.55999947,63334.02,43477,7.710000038,0,0,0,0
Arizona State University-Tempe,3,4,Public,Southwest,Mid-size City,0.8023,25,1145,38480,0.5755,0.0398,0.1853,0.0677,0.0136,0.0025,0.0376,0.0715,0.0943,21960,9080,10405,0.8787,0.3376,0.5947,0.844,0.1414,8.5,16250,20375,11000,0.879999995,0.589999974,22.55999947,63334.02,43477,7.710000038,1444,11691,46000,41200
Arizona State University-West,3,4,Public,Southwest,Large City,0.759,23,1073,3243,0.5492,0.0577,0.2683,0.0496,0.0176,0.0043,0.0324,0.0123,0.1693,20269,9017,8293,0.8992,0.4954,0.5519,0.8435,0.3223,8.5,16250,20375,11000,0.879999995,0.589999974,22.55999947,63334.02,43477,7.710000038,0,0,0,0
Arkansas State University-Main Campus,3,4,Public,Southeast,Small City,0.7551,24,1088,9325,0.7302,0.1466,0.0203,0.0075,0.0039,0.0006,0.0166,0.0604,0.1896,18809,5002,6957,0.743,0.4618,0.3698,0.7312,0.224,14.6,13300,20959,9750,0.850000024,0.779999971,23.97999954,38618.99,27550,13.39000034,704,4120,32300,29100
Arkansas Tech University,3,4,Public,Southeast,Remote Town,0.8503,22,1008,8734,0.7901,0.0781,0.0503,0.0129,0.0124,0.0005,0.0226,0.0332,0.1922,16126,4550,6096,1,0.4559,0.4025,0.6937,0.2436,17.4,10043,17528,7500,0.839999974,0.75999999,23.04999924,42912.59,31932,11.60999966,368,2284,33700,30600
Armstrong Atlantic State University,3,4,Public,Southeast,Mid-size City,0.6998,21,997,6206,0.5947,0.2425,0.0661,0.0353,0.0024,0.0013,0.0393,0.0169,0.2486,19802,5392,5620,0.9627,0.434,0.343,0.6736,0.2917,8.3,12750,20500,9500,0.860000014,0.639999986,24.45000076,48128.12,34921,10.31000042,252,1711,39200,36300
Art Center College of Design,3,4,Private,Far West,Mid-size City,0.8167,0,0,1742,0.2153,0.0115,0.1051,0.3456,0.0011,0.0034,0.0373,0.2428,0.1533,56400,17117,6826,1,0.3687,0.6436,0.8038,0.3039,7.2,31000,36187,14750,0.949999988,0.709999979,23.54000092,55123.2,28815,9.149999619,117,520,52800,48400
Asbury University,3,4,Private,Southeast,Fringe Town,0.6573,24,1110,1392,0.8348,0.033,0.0151,0.0057,0.0029,0.0014,0.0481,0.0158,0.0603,33966,8335,5924,0.5158,0.3896,0.6431,0.7981,0.1448,5,20325,26000,10548,0.949999988,0.449999988,21.25,75367.79,68034.5,6.909999847,48,390,33000,30200
Ashland University,3,4,Private,Great Lakes,Fringe Town,0.7438,23,1043,3118,0.7886,0.1334,0.0241,0.0045,0.0055,0.0013,0.0141,0.0263,0.2396,40835,7945,6922,0.458,0.2861,0.5634,0.737,0.237,4.7,21500,27000,14750,0.980000019,0.330000013,23.05999947,71763.3,63187.5,5.880000114,129,1486,37100,36300
Assumption College,3,4,Private,New England,Mid-size City,0.7422,0,0,2181,0.7066,0.0454,0.0715,0.0197,0.0018,0,0.0165,0.0105,0.0757,46763,7971,7852,0.5474,0.2297,0.7273,0.8336,0.0781,3.5,24931,27000,9500,0.99000001,0.219999999,19.63999939,113725.25,103026,4.75,35,799,50300,47900
Auburn University,3,4,Public,Southeast,Small City,0.8274,27,1215,19761,0.8543,0.0714,0.0253,0.0213,0.0077,0,0,0.0074,0.0902,23788,11324,9429,0.878,0.1687,0.6792,0.8946,0.0415,6.1,18250,22250,11000,0.959999979,0.460000008,20.32999992,88745.91,71775.5,9.590000153,345,3804,47100,41800
Auburn University at Montgomery,3,4,Public,Southeast,Mid-size City,0.8371,21,970,4322,0.5532,0.3031,0.0079,0.0245,0.0037,0,0,0.0435,0.3061,16556,6817,7173,0.9262,0.4006,0.2705,0.6321,0.2938,13.1,10750,21791,8250,0.910000026,0.670000017,23.43000031,40107.7,27378,13,179,1220,35300,32400
Augsburg College,3,4,Private,Great Plains,Large City,0.6086,23,1053,2661,0.6005,0.0928,0.0564,0.0718,0.0128,0.0023,0.0395,0.0173,0.2375,42531,9476,6868,0.9494,0.4338,0.6326,0.8158,0.3108,6,23000,27000,18481.5,0.959999979,0.449999988,24.37999916,74730.25,60818,5.050000191,67,886,45400,41300
Augustana College,3,4,Private,Great Plains,Mid-size City,0.6809,24,1105,1615,0.8712,0.0186,0.0198,0.0087,0.0012,0,0.0161,0.0644,0.0409,36828,10615,6488,0.6726,0.2281,0.6643,0.7995,0.0424,3.3,25249,27000,12009,0.99000001,0.400000006,20.07999992,87730.97,76993.5,5.679999828,32,630,41800,38200
Augustana College,3,3,Private,Great Lakes,Small City,0.5867,0,0,2504,0.7772,0.0403,0.0611,0.0176,0.0032,0.0008,0.0599,0.016,0.004,45364,9770,7186,0.6528,0.1929,0.784,0.8506,0.0115,5.5,25000,27000,8000,0.980000019,0.310000002,19.67000008,99764.5,88060,4.440000057,23,623,46900,42800
Aurora University,3,4,Private,Great Lakes,Large Suburb,0.7595,22,1011,3236,0.6143,0.0853,0.2052,0.0213,0.0034,0.0006,0.0315,0.0022,0.119,31145,4697,7064,0.2335,0.3911,0.576,0.7345,0.1876,6,15000,22500,8750,0.949999988,0.460000008,22.20000076,69996.76,61464,5.079999924,71,792,38100,36600
Austin College,3,4,Private,Southwest,Small City,0.5861,25,1181,1206,0.5779,0.0605,0.1567,0.1476,0.0149,0.0008,0.0091,0.0265,0.0017,45800,14009,7605,0.8741,0.2842,0.7177,0.8279,0.0124,2.6,23000,26000,8071,0.980000019,0.349999994,19.64999962,96751.26,83025,6.789999962,33,360,45500,41000
Austin Peay State University,3,4,Public,Southeast,Mid-size City,0.8595,22,1009,9271,0.6597,0.1913,0.0554,0.0146,0.004,0.0023,0.0455,0.0038,0.2606,18852,6847,6879,1,0.5384,0.3603,0.6618,0.3501,13.7,15000,25000,12101,0.879999995,0.699999988,24.46999931,41615.23,30942,8.930000305,375,2092,34000,31700
Avila University,3,4,Private,Great Plains,Large City,0.6108,22,1028,1336,0.6198,0.2006,0.0786,0.0135,0.012,0.0007,0.0292,0.0457,0.1969,34898,6943,6747,0.3391,0.4332,0.4912,0.7,0.3298,7.9,18750,26500,10729.5,0.970000029,0.469999999,23.76000023,67407.58,53028,5.940000057,55,499,42300,39500
Azusa Pacific University,3,4,Private,Far West,Large Suburb,0.7985,24,1098,6543,0.4966,0.0474,0.2306,0.0827,0.0035,0.0079,0.0573,0.0185,0.1314,44021,10343,9231,0.4597,0.2858,0.6486,0.8228,0.1467,4.1,19000,25000,18505.5,0.980000019,0.349999994,24.51000023,87044.35,72335.5,7.949999809,213,2087,49200,45800
Babson College,3,4,Private,New England,Large Suburb,0.2821,28,1258,2106,0.3898,0.0423,0.0997,0.1168,0.0019,0,0.0223,0.2635,0,58450,13960,14952,0.722,0.1613,0.9073,0.9489,0.009,1,27000,27000,19500,0.99000001,0.319999993,20.28000069,104940.77,80987,6.510000229,50,381,83200,74700
Baker University,3,4,Private,Great Plains,Fringe Town,0.869,24,1086,1759,0.7186,0.1086,0.0478,0.0125,0.0205,0.0051,0.0125,0.0028,0.394,37485,4981,5758,0.1624,0.3967,0.52,0.7574,0.4418,6.1,21353,25291,11000,0.980000019,0.400000006,26.76000023,71428.09,60418,5.420000076,61,927,50600,45500
Baldwin Wallace University,3,4,Private,Great Lakes,Large Suburb,0.6396,24,1096,3331,0.807,0.0883,0.0465,0.0087,0.0009,0.0009,0.0363,0.0075,0.1078,37504,10201,7418,0.4129,0.333,0.7088,0.7921,0.1393,3.1,24000,27000,14000,0.970000029,0.430000007,21.38999939,79087.32,74030,5.179999828,69,1097,43700,39900
Ball State University,3,4,Public,Great Lakes,Small City,0.6054,22,1053,15985,0.8317,0.0673,0.0348,0.0082,0.0009,0.0009,0.0195,0.0218,0.0616,21101,9700,7305,0.8249,0.3463,0.5938,0.7838,0.0715,8.1,18686,25000,9500,0.949999988,0.449999988,20.55999947,78230.63,73544,5.760000229,388,5112,37800,35800
Baptist Memorial College of Health Sciences,3,3,Private,Southeast,Large City,0.463,25,1125,1101,0.5767,0.3769,0.0054,0.02,0.0009,0,0.0109,0.0009,0.5622,19745,9801,6442,0.9873,0.4765,0.3878,0.7424,0.5059,5.9,21000,31424.5,15750,0.949999988,0.550000012,25.35000038,54231.6,41376,9.960000038,34,373,50700,50100
Bard College,3,4,Private,Mid-Atlantic,Fringe Town,0.3761,0,0,1957,0.6173,0.0603,0.022,0.0419,0.0077,0,0,0.1109,0.0312,60280,23839,10804,0.5797,0.1904,0.7388,0.875,0.0129,3.4,20476,24000,9750,0.980000019,0.319999993,19.72999954,104078.1,86752.5,6.599999905,56,289,34000,29400
Barnard College,3,3,Private,Mid-Atlantic,Large City,0.2053,30,1340,2486,0.5688,0.0535,0.1114,0.1456,0.0008,0,0.0503,0.0696,0.0105,59581,21351,11888,0.6053,0.1841,0.8966,0.9764,0.0048,2.4,16000,17493,9750,0.939999998,0.439999998,19.23999977,105139.12,77701,8.739999771,29,305,55100,46900
Barry University,3,4,Private,Southeast,Large Suburb,0.4678,19,930,4284,0.2017,0.32,0.2937,0.0135,0.0028,0.0012,0.0128,0.0721,0.1615,41019,10646,7696,0.4266,0.5181,0.3729,0.5997,0.4361,5.7,21500,29884,14506.5,0.949999988,0.600000024,27.72999954,53233.76,37767.5,11.28999996,277,2063,46200,42200
Barton College,3,4,Private,Southeast,Fringe Town,0.4177,20,939,1043,0.5877,0.2464,0.0403,0.0077,0.0058,0.0029,0.0288,0.023,0.1381,37437,6597,5838,0.6696,0.4955,0.4839,0.6866,0.2271,9.2,21500,27500,11000,0.959999979,0.560000002,24.12999916,59406.39,43763.5,10.57999992,45,506,35500,33800
Bates College,3,3,Private,New England,Small City,0.2417,0,0,1791,0.7219,0.0514,0.0625,0.0469,0.0034,0.0006,0.0396,0.0648,0,59285,21446,10374,0.8474,0.1112,0.9299,0.9163,0.0034,1.4,16425,17058,6700,0.959999979,0.270000011,19.54999924,118325.02,106531,5.800000191,16,216,57900,47600
Bay Path College,3,4,Private,New England,Large Suburb,0.576,20,964,1454,0.586,0.1183,0.1534,0.0144,0.0007,0.0007,0.0234,0.0041,0.1891,40447,6148,7754,0.2182,0.5289,0.555,0.7226,0.5329,7.5,18065,21538.5,13374.5,0.970000029,0.540000021,27.28000069,57186.55,45278,7.980000019,64,590,39800,37500
Bayamon Central University,3,4,Private,Outlying Areas,Large Suburb,0.7368,0,0,1654,0,0.006,0.994,0,0,0,0,0,0.2213,11573,2704,2630,1,0.7144,0.2752,0.7017,0.2849,16.4,5500,7500,5325,0.300000012,0.980000019,23.46999931,16277.49,12591,40.34000015,466,912,18600,17400
Baylor University,3,4,Private,Southwest,Mid-size City,0.5747,27,1215,13221,0.6408,0.0741,0.1386,0.0646,0.0033,0.0003,0.0473,0.0289,0.0142,51086,14046,8793,0.8148,0.22,0.7472,0.8825,0.0245,4.8,21000,25281,9500,0.949999988,0.439999998,19.79999924,93014.48,72163,7.460000038,200,2541,47700,43700
Becker College,3,3,Private,New England,Mid-size City,0.6255,22,1006,1871,0.667,0.0775,0.0951,0.0139,0.0021,0.0011,0.031,0.0064,0.2255,44041,5832,7308,0.2651,0.3888,0.3069,0.6407,0.2645,14.9,15750,27166,14750,0.980000019,0.469999999,24.10000038,65321.14,54112,7.159999847,46,573,40800,36300
Belhaven University,3,4,Private,Southeast,Mid-size City,0.4842,22,1033,2487,0.3848,0.4451,0.0555,0.0133,0.0044,0.0024,0.0213,0,0.501,33375,4341,4327,1,0.5109,0.3983,0.6,0.5435,5.6,19500,31250,12500,0.949999988,0.589999974,29.38999939,50301.32,36084,11.52000046,93,905,36900,33100
Bellarmine University,3,4,Private,Southeast,Large City,0.9478,25,1116,2508,0.8405,0.0395,0.0343,0.0207,0.0024,0.0012,0.0243,0.0128,0.0614,47609,8456,7580,0.4605,0.2264,0.6649,0.797,0.0941,5.3,19500,25000,9461,0.949999988,0.349999994,22.22999954,79655.05,68519,6.369999886,44,606,45800,42700
Belmont Abbey College,3,3,Private,Southeast,Mid-size Suburb,0.6759,21,977,1634,0.3703,0.2723,0.0184,0.0073,0.0012,0.0006,0.0043,0.0214,0.0563,39328,5227,4524,0.5909,0.4613,0.381,0.65,0.4347,14,18500,27000,11000,0.959999979,0.50999999,25.79000092,71640.74,55427,7.170000076,32,355,36300,33300
Belmont University,3,4,Private,Southeast,Large City,0.7987,27,1193,5465,0.8201,0.0401,0.0428,0.0161,0.0024,0.0004,0.0326,0.0082,0.0655,41450,8976,8450,0.478,0.1756,0.6796,0.8333,0.0848,1.9,19173,23250,8750.5,0.959999979,0.340000004,21.15999985,98697.97,83588,6.179999828,84,1048,42100,37600
Beloit College,3,3,Private,Great Lakes,Small City,0.6769,27,1227,1244,0.7122,0.0466,0.0828,0.0193,0.0048,0.0024,0.0273,0.0844,0.0056,48236,13624,7161,0.8175,0.1795,0.7815,0.9228,0.0107,1,23231.5,26500,12000,0.99000001,0.310000002,19.71999931,99694.61,90105,5.5,37,278,38800,33300
Bemidji State University,3,4,Public,Great Plains,Remote Town,0.6678,21,990,4397,0.861,0.0189,0.0155,0.0091,0.0264,0.0002,0.0257,0.0202,0.2063,18166,5452,7669,0.6101,0.3557,0.4758,0.672,0.2536,8.5,13500,21500,9500,0.920000017,0.540000021,23.07999992,63423.26,53717,7.739999771,131,1428,37600,35100
Benedictine College,3,4,Private,Great Plains,Distant Town,0.6057,25,1145,1750,0.8023,0.0343,0.06,0.0109,0.004,0.0029,0.0309,0.0297,0.0126,36805,5931,6165,0.6335,0.21,0.5922,0.7676,0.0208,5.5,19500,26250,9500,0.980000019,0.449999988,20.07999992,89380.43,79145.5,6.650000095,48,465,36600,35000
Benedictine University,3,4,Private,Great Lakes,Large Suburb,0.695,22,1030,3739,0.4491,0.0968,0.0861,0.1417,0.0024,0.0029,0,0.0187,0.1878,35481,5558,7686,0.2385,0.3644,0.5247,0.7322,0.2709,4.5,17188,21500,16000,0.930000007,0.519999981,24.95000076,65286.83,53068,4.840000153,80,693,46900,43400
Bentley University,3,4,Private,New England,Small City,0.4379,28,1234,4172,0.6146,0.0295,0.0686,0.0803,0.001,0,0.0177,0.1453,0.0218,54806,13149,12158,0.6265,0.1554,0.8727,0.9355,0.0231,1,26000,27000,17375,0.99000001,0.319999993,19.65999985,105823.11,93494,5.03000021,66,1199,71600,69000
Berea College,3,3,Private,Southeast,Distant Town,0.3401,24,1113,1587,0.6446,0.1512,0.0422,0.0151,0.0025,0.0019,0.051,0.0756,0.0038,30396,15067,7357,0.8444,0.8293,0.6167,0.8107,0.0746,12.8,5496.5,5750,4676.5,0.550000012,0.970000029,20.04999924,30776.75,29786.5,12.22999954,55,509,31200,29700
Berklee College of Music,3,3,Private,New England,Large City,0.3617,0,0,4402,0.3866,0.0534,0.0888,0.0338,0.0011,0.0018,0.0404,0.3105,0.1027,56335,20301,9480,0.3851,0.1889,0.4963,0.7986,0.1479,13.6,21046,27000,14000,0.980000019,0.370000005,20.79000092,94505.71,79421,6.550000191,182,1013,31400,26200
Berry College,3,4,Private,Southeast,Small Suburb,0.6032,27,1186,2122,0.845,0.0396,0.0575,0.0108,0.0019,0.0009,0.0264,0.0066,0.0094,40965,12857,7060,0.865,0.2626,0.6015,0.7945,0.0126,4,15750,23875,5500,0.930000007,0.449999988,19.71999931,84014.55,71090,6.550000191,46,502,36800,34600
Bethel College-Indiana,3,4,Private,Great Lakes,Small City,0.7158,24,1047,1579,0.772,0.1248,0.0576,0.0044,0.0019,0.0032,0.0234,0.0108,0.1761,33617,7756,5506,0.98,0.5169,0.6466,0.8407,0.3396,7.1,18275,21883.5,18092,0.939999998,0.560000002,25.73999977,62249.48,54043,6.340000153,77,704,36400,33200
Bethel University,3,4,Private,Great Plains,Large Suburb,0.9485,25,1144,3178,0.8389,0.0579,0.0198,0.0315,0.0006,0.0003,0.0236,0.0038,0.2023,42692,9233,7577,0.4471,0.27,0.7136,0.8504,0.1991,3.6,20500,23950,15000,0.970000029,0.370000005,22.48999977,96452.1,82520,3.880000114,77,1069,45700,41100
Bethel University,3,4,Private,Southeast,Distant Town,0.5103,20,930,5063,0.507,0.3701,0.0138,0.0051,0.0032,0.0012,0.0065,0.0122,0.2157,26864,7006,3935,1,0.607,0.302,0.5556,0.6778,10.2,14531,25000,11504,0.930000007,0.670000017,29.09000015,46908.56,37640.5,10.42000008,87,757,39300,35200
Bethune-Cookman University,3,4,Private,Southeast,Small City,0.666,17,812,3723,0.0223,0.895,0.0282,0.0021,0.0008,0.0027,0.0185,0.0158,0.0304,27017,5978,5838,0.8436,0.7762,0.5505,0.6298,0.0647,16.8,18750,35650,11937.5,0.930000007,0.810000002,20.20000076,40392.46,31109,14.28999996,135,959,27000,23500
Biola University,3,4,Private,Far West,Large Suburb,0.7286,25,1123,4324,0.5481,0.0197,0.1714,0.1589,0.0023,0.0035,0.0624,0.018,0.0333,44573,10435,8924,0.9883,0.3103,0.6819,0.8501,0.0395,2.2,19688,23969,12000,0.970000029,0.430000007,22.20999908,87464.81,71594,7.46999979,167,1043,43000,37600
Birmingham Southern College,3,3,Private,Southeast,Mid-size City,0.6422,26,1177,1181,0.8103,0.094,0.0305,0.039,0.0102,0,0.0076,0,0.0119,44512,9990,7513,0.6479,0.2136,0.6192,0.8037,0.0152,9.9,21500,27000,9500,0.949999988,0.349999994,19.62000084,106237.94,89942.5,7.909999847,27,257,41500,38200
Black Hills State University,3,4,Public,Great Plains,Distant Town,0.8924,21,993,3156,0.8571,0.0105,0.045,0.0051,0.0383,0.0022,0.032,0.006,0.244,15906,5627,6666,0.8645,0.3475,0.3347,0.5934,0.2841,8,13575,25950,9500,0.949999988,0.560000002,22.42000008,54778.12,45782.5,9.329999924,161,1430,34700,31700
Bloomfield College,3,4,Private,Mid-Atlantic,Large Suburb,0.5464,0,835,1906,0.1207,0.5058,0.2162,0.0378,0.0047,0.0026,0.0058,0.0341,0.0782,38858,8103,7807,1,0.6417,0.3642,0.6347,0.2044,10,18500,31000,11000,0.879999995,0.709999979,24.31999969,42126.74,32407,12.64000034,119,789,36800,33600
Bloomsburg University of Pennsylvania,3,4,Public,Mid-Atlantic,Small City,0.8856,21,990,9245,0.8133,0.081,0.0463,0.0088,0.0006,0.0008,0.0184,0.0115,0.0508,21732,8108,8655,0.8296,0.3037,0.6182,0.8063,0.045,6.3,18750,25568,8750,0.939999998,0.439999998,20.23999977,77200.99,72266.5,6.550000191,194,2706,41700,39500
Bluefield State College,3,3,Public,Southeast,Remote Town,0.4267,19,905,1708,0.8501,0.1036,0.0129,0.0023,0.0012,0,0.0047,0.0234,0.1587,14940,5800,6170,1,0.5948,0.2365,0.6012,0.399,26.8,13000,20500,11000,0.709999979,0.810000002,25.86000061,29473.67,21135,16.11000061,394,1477,30500,25700
Boise State University,3,4,Public,Rocky Mountains,Mid-size City,0.7766,23,1050,16557,0.7621,0.0157,0.0912,0.0228,0.0069,0.0042,0.03,0.0368,0.2494,18227,6777,6905,0.5643,0.3715,0.3801,0.7129,0.3182,11.4,16309,24898,11582,0.889999986,0.680000007,24.61000061,45640.12,33780.5,7.199999809,794,4723,37100,33000
Boston College,3,4,Private,New England,Small City,0.3222,32,1375,9465,0.5797,0.0432,0.1055,0.0937,0.0007,0.0003,0.028,0.052,0.0127,58639,18302,13355,0.603,0.1371,0.913,0.9484,0.024,1.4,19000,19000,12042,0.99000001,0.230000004,20.60000038,103787.15,81102,5.929999828,186,2231,78700,61800
Boston University,3,4,Private,New England,Large City,0.4561,28,1279,16460,0.4733,0.0323,0.0928,0.1326,0.0007,0.001,0.0376,0.1586,0.0258,59036,27281,12360,0.6283,0.1487,0.8448,0.9279,0.0317,2,25500,27000,15562.5,0.980000019,0.25,19.95000076,106244,91507,5.769999981,334,4062,60000,53600
Bowdoin College,3,3,Private,New England,Fringe Town,0.1495,32,1423,1789,0.6417,0.047,0.1247,0.0699,0.0011,0.0006,0.062,0.047,0.0006,58200,26266,10803,0.856,0.1376,0.9326,0.9654,0.0028,0.6,18000,19500,10978,0.939999998,0.370000005,19.26000023,111449.46,89780.5,7.429999828,20,281,63000,48600
Bowie State University,3,4,Public,Mid-Atlantic,Large Suburb,0.5176,19,886,4313,0.0227,0.8885,0.0276,0.0141,0.0009,0.0014,0.0276,0.0086,0.1859,18581,6996,7393,0.5182,0.4873,0.3524,0.7023,0.2127,16.1,16500,23320,15500,0.850000024,0.660000026,21.25,57366.51,45228,6.909999847,110,1068,45300,42600
Bowling Green State University-Main Campus,3,4,Public,Great Lakes,Fringe Town,0.7247,22,1009,14161,0.7783,0.1004,0.0409,0.0085,0.0025,0.0011,0.0237,0.0159,0.0588,22416,8529,7669,0.7477,0.343,0.541,0.7012,0.066,11.7,17500,26000,9500,0.959999979,0.5,20.81999969,75338.2,70038,5.980000019,383,5119,38000,35500
Bradley University,3,4,Private,Great Lakes,Mid-size City,0.6694,26,1163,4823,0.79,0.0616,0.0587,0.0344,0.0025,0.001,0.0379,0.0085,0.0425,40330,14790,8424,0.587,0.2681,0.7563,0.8808,0.0429,2.9,23677,27000,10803,0.99000001,0.349999994,20.15999985,93987.58,85839,5.179999828,117,1784,49700,45000
Brandeis University,3,4,Private,New England,Small City,0.3704,30,1347,3603,0.501,0.0516,0.0655,0.1243,0.0006,0,0.028,0.1482,0.0017,58850,14309,11328,0.6667,0.1781,0.8959,0.9303,0.0077,2.4,26000,27000,12000,0.99000001,0.310000002,19.48999977,113024.02,97995,5.699999809,64,605,54600,47400
Brenau University,3,4,Private,Southeast,Small City,0.7829,20,957,1683,0.514,0.3125,0.0636,0.0184,0.0024,0.0012,0.0261,0.0261,0.3624,34107,6630,6737,0.4601,0.5206,0.4554,0.6686,0.5418,5,18638,28956,12500,0.930000007,0.589999974,28.21999931,52547.48,40713,7.690000057,58,570,40600,38100
Bridgewater College,3,3,Private,Southeast,Small Suburb,0.5493,23,1033,1822,0.7914,0.0895,0.0302,0.0082,0.0033,0.0005,0.0417,0.0071,0.0016,41180,5849,6211,0.7622,0.2672,0.5991,0.7627,0.0114,6,19500,27000,7500,0.970000029,0.349999994,19.45000076,91813.53,82400,5.809999943,41,557,38900,37500
Bridgewater State University,3,4,Public,New England,Large Suburb,0.786,22,991,9489,0.8065,0.0771,0.053,0.0187,0.0022,0.0009,0.0259,0.0045,0.1591,19303,5426,8315,1,0.2372,0.5751,0.814,0.147,7.9,19250,24998,11250,0.949999988,0.400000006,21.04000092,77015.48,72560,5.199999809,179,2192,40000,39100
Brigham Young University-Hawaii,3,4,Private,Far West,Fringe Town,0.3604,24,1081,2664,0.3566,0.0034,0.0556,0.036,0.0023,0.0706,0.0867,0.3885,0.0661,14544,11999,8794,1,0.2985,0.4703,0.6132,0.2224,6.9,5780,10000,5500,0.649999976,0.829999983,22.23999977,39733.27,22339,8.659999847,141,453,41400,34100
Brigham Young University-Idaho,3,3,Private,Rocky Mountains,Distant Town,0.9963,23,1036,20208,0.8319,0.0055,0.0323,0.0096,0.0033,0.004,0.0558,0.0412,0.2889,10438,4198,8206,0.4352,0.3881,0.6011,0.6755,0.371,2.9,7725,11966.5,6250,0.680000007,0.870000005,21.27000046,48558.75,31581,7.940000057,1481,3339,39300,33800
Brigham Young University-Provo,3,4,Private,Rocky Mountains,Mid-size City,0.4942,29,1277,27765,0.8344,0.0047,0.0554,0.0198,0.0041,0.006,0.031,0.0323,0.0966,17174,13268,9649,0.7409,0.3578,0.7797,0.8461,0.122,1.3,9260.5,11000,7400,0.540000021,0.889999986,21.70000076,42156.62,20347,8.039999962,2217,6090,55500,47400
Brown University,3,4,Private,New England,Mid-size City,0.0918,32,1425,6182,0.4327,0.0642,0.1084,0.1233,0.0039,0.001,0.0537,0.1166,0.0057,58140,30823,13381,0.8849,0.1444,0.9452,0.9714,0.0112,1.3,15164,16000,11966.5,0.970000029,0.340000004,19.78000069,103616.9,84559,7.269999981,94,803,70400,54400
Bryan College-Dayton,3,4,Private,Southeast,Distant Town,0.3762,23,1053,1209,0.8619,0.0562,0.0149,0.0033,0.0017,0.0033,0.0165,0.0199,0.0877,29489,4331,4166,0.4621,0.3395,0.6154,0.7077,0.309,6.9,9722,18750,8962,0.939999998,0.49000001,25.87000084,62141.47,55458.5,8.300000191,39,279,37800,35400
Bryant University,3,4,Private,New England,Large Suburb,0.7655,25,1137,3263,0.7432,0.042,0.0634,0.042,0.0043,0.0015,0.0003,0.0714,0.0193,50858,8913,12905,0.6122,0.1676,0.8198,0.9026,0.0216,2.5,26706,27000,10125,0.99000001,0.230000004,19.52000046,112373.37,104089,4.679999828,54,1086,59700,57800
Bryn Mawr College,3,4,Private,Mid-Atlantic,Large Suburb,0.3992,30,1334,1316,0.3739,0.0517,0.095,0.1079,0.0015,0,0.0448,0.2249,0.0038,57586,30846,9775,0.8403,0.1861,0.8409,0.9068,0.0226,1.8,22650,25000,12000,0.99000001,0.310000002,20.48999977,91611.46,70896,6.710000038,44,264,48200,46800
Bucknell University,3,4,Private,Mid-Atlantic,Distant Town,0.2951,30,1306,3498,0.787,0.0323,0.0523,0.0366,0.0003,0,0.032,0.0529,0.0029,59090,19054,10168,0.9671,0.1061,0.9076,0.941,0.0065,1.3,25000,27000,13650.5,0.99000001,0.280000001,19.42000008,121378.65,102976,4.769999981,31,627,62200,54800
Buena Vista University,3,4,Private,Great Plains,Remote Town,0.6955,23,1050,2125,0.8259,0.0184,0.0518,0.0104,0.0047,0.0014,0.0094,0.0174,0.1186,39011,7412,6736,0.1828,0.4897,0.5265,0.693,0.3999,7.8,17879,24218,12500,0.970000029,0.560000002,24.87999916,53455.6,47120.5,6.380000114,96,1484,37700,36100
Buffalo State SUNY,3,4,Public,Mid-Atlantic,Large City,0.4853,0,975,9190,0.6294,0.2055,0.093,0.0217,0.0037,0.0013,0.0297,0.0133,0.0999,18088,9298,7444,0.4941,0.4594,0.4892,0.7532,0.1765,8.8,15895.5,21665.5,10750,0.899999976,0.610000014,22.25,57184.5,45557,10.48999977,335,3388,36300,34300
Butler University,3,4,Private,Great Lakes,Large City,0.661,28,1212,3998,0.8269,0.0353,0.032,0.0283,0.002,0,0.014,0.0225,0.0125,47010,12922,7980,1,0.1739,0.7386,0.911,0.0185,2,25000,26600,10975,0.980000019,0.25,20.09000015,109689.19,99069,4.820000172,46,1112,62400,50700
Cabrini College,3,4,Private,Mid-Atlantic,Large Suburb,0.7428,20,896,1286,0.7154,0.1345,0.0537,0.0124,0.0016,0.0016,0.028,0.0008,0.0451,43541,7095,7005,0.3537,0.308,0.4561,0.712,0.0501,5.5,14875,26000,6250,0.99000001,0.319999993,20.44000053,96777.59,91613,5.139999866,63,609,41700,38600
Caldwell College,3,4,Private,Mid-Atlantic,Large Suburb,0.6408,21,949,1570,0.1873,0.0497,0.0554,0.0089,0.0006,0,0,0.0433,0.1713,38223,6788,7944,1,0.4293,0.5345,0.7301,0.2186,6.8,19125,26499,11930,0.930000007,0.49000001,24.46999931,66402.37,50740,6.849999905,48,468,42800,38400
California Baptist University,3,4,Private,Far West,Large City,0.788,21,984,5797,0.448,0.084,0.3012,0.0497,0.0071,0.0098,0.0285,0.0191,0.1226,39026,8008,8355,0.4779,0.4777,0.5808,0.7683,0.2255,6.7,19500,27686.5,18750,0.970000029,0.49000001,23.86000061,75462.81,63947,9.909999847,139,905,41500,36600
California College of the Arts,3,4,Private,Far West,Large City,0.8157,0,0,1463,0.3329,0.0403,0.1367,0.1627,0.0027,0.0082,0,0.2228,0.0499,53837,16026,8347,0.1572,0.3241,0.6183,0.819,0.1751,6.7,24500,27000,13182,0.959999979,0.560000002,23.02000046,63904.48,37618,7.980000019,100,421,36700,30900
California Lutheran University,3,4,Private,Far West,Mid-size City,0.4802,24,1108,2882,0.5232,0.0427,0.2523,0.0642,0.0135,0.0087,0.0173,0.0382,0.059,48630,8149,9597,1,0.2578,0.7005,0.8477,0.1326,3.8,19500,23000,13000,0.959999979,0.360000014,21.72999954,95022.25,76461,6.489999771,59,649,48100,44300
California Maritime Academy,3,4,Public,Far West,Mid-size City,0.748,24,1080,1044,0.5785,0.0239,0.1561,0.0824,0.0038,0.0067,0.0852,0.0048,0.0354,22223,13827,8259,0.6629,0.3762,0.5871,0.8214,0.1847,5.8,21500,26000,18925,0.970000029,0.519999981,21.60000038,74171.52,60317.5,6.380000114,16,219,77100,74300
California Polytechnic State University-San Luis Obispo,3,4,Public,Far West,Small Suburb,0.3123,28,1242,18664,0.5956,0.0076,0.1489,0.1134,0.0024,0.0027,0.0672,0.0128,0.036,23867,9907,8675,0.6858,0.1975,0.6972,0.9249,0.0359,3.1,17500,19500,12000,0.920000017,0.479999989,20.39999962,86747.55,72114,7.159999847,261,3017,60000,55400
California State Polytechnic University-Pomona,3,4,Public,Far West,Large Suburb,0.5218,23,1070,20857,0.2159,0.0323,0.3722,0.2501,0.002,0.0028,0.039,0.0425,0.1186,19402,7355,9101,0.4882,0.4404,0.5237,0.8997,0.1747,3.8,15703.5,18001,11691,0.689999998,0.74000001,21.73999977,46768.74,30962,11.09000015,433,3946,48100,45000
California State University-Bakersfield,3,4,Public,Far West,Large City,0.6626,19,901,7226,0.196,0.0656,0.4979,0.065,0.0073,0.0017,0.0309,0.0255,0.0995,18061,6087,8122,0.6512,0.5843,0.3946,0.7442,0.2056,9.6,11000,16174.5,9000,0.75999999,0.790000021,24.39999962,38023.07,28069.5,16.38999939,291,1925,43800,42300
California State University-Channel Islands,3,4,Public,Far West,Mid-size Suburb,0.6443,20,954,4950,0.3804,0.0246,0.4147,0.0545,0.0038,0.002,0.0481,0.0012,0.137,22570,12026,8434,0.4741,0.3959,0.5156,0.7814,0.1954,5,12500,16000,10325,0.829999983,0.600000024,24.85000038,51655.42,32103,7.300000191,16,107,38100,35800
California State University-Chico,3,4,Public,Far West,Small City,0.7161,22,1014,15106,0.5255,0.019,0.23,0.0579,0.0061,0.0014,0.0487,0.033,0.0655,22926,6800,8370,0.5281,0.3893,0.5605,0.8665,0.1358,7.6,14889.5,16500,11596,0.870000005,0.670000017,22.29000092,58551.47,37864,9.630000114,414,3594,45900,41100
California State University-Dominguez Hills,3,4,Public,Far West,Small City,0.5747,17,845,11894,0.0931,0.1703,0.5397,0.0943,0.0019,0.0041,0.0281,0.0246,0.2794,12957,6807,8202,0.3877,0.5862,0.2935,0.7926,0.3762,11.2,14191,17201.5,12390,0.720000029,0.779999971,25.52000046,33355.93,25199.5,17.81999969,324,2641,42500,39100
California State University-East Bay,3,4,Public,Far West,Mid-size City,0.6872,19,910,12079,0.1843,0.1083,0.2546,0.2439,0.0016,0.0111,0.0572,0.0659,0.1301,20676,6978,8804,0.4163,0.4426,0.3808,0.7753,0.3269,5.8,12500,16312,11349.5,0.720000029,0.689999998,24.81999969,36865.24,22898,8.390000343,329,2361,48400,45800
California State University-Fresno,3,4,Public,Far West,Large City,0.5815,19,920,19911,0.2511,0.0404,0.4258,0.1566,0.0038,0.0025,0.0305,0.0344,0.1186,16377,6446,8027,0.5161,0.5407,0.4859,0.8323,0.1628,6.5,14500,16500,12000,0.699999988,0.800000012,22.36000061,40758.26,28781,16.06999969,537,4757,40700,38100
California State University-Fullerton,3,4,Public,Far West,Large Suburb,0.4579,22,1021,33000,0.2556,0.0222,0.375,0.2165,0.002,0.0027,0.0408,0.0445,0.1933,16663,7685,8521,0.4622,0.4061,0.5347,0.8853,0.1981,5.6,12900.5,14718,10224,0.709999979,0.689999998,22.60000038,46741.81,31500,9.409999847,795,6364,43800,40500
California State University-Long Beach,3,4,Public,Far West,Large City,0.3082,21,1012,30440,0.214,0.0399,0.3672,0.2292,0.0056,0.0042,0.0431,0.0531,0.1565,18085,7422,8671,0.5029,0.4733,0.6033,0.8876,0.1708,5.5,14494,15775,11000,0.720000029,0.709999979,22.19000053,45976.99,30725,11.93999958,680,5955,45300,42400
California State University-Los Angeles,3,4,Public,Far West,Large City,0.6752,18,871,19525,0.0812,0.0465,0.5965,0.1645,0.001,0.0029,0.016,0.0479,0.168,14747,6569,8767,0.4996,0.6447,0.3565,0.8206,0.2574,7.6,12000.5,14125,9834,0.560000002,0.829999983,24.20999908,27649.23,20015,17.51000023,591,4511,42200,39400
California State University-Monterey Bay,3,4,Public,Far West,Mid-size Suburb,0.444,21,976,5153,0.3435,0.0638,0.4036,0.0472,0.0052,0.0052,0.058,0.0126,0.0592,18479,8677,7478,0.457,0.476,0.3828,0.8122,0.1615,7.6,13750,17750,10406.5,0.839999974,0.649999976,24.19000053,56504.19,38387,9.06000042,149,1093,39300,37100
California State University-Northridge,3,4,Public,Far West,Large City,0.4624,19,918,33581,0.2575,0.0623,0.4029,0.1123,0.0017,0.0026,0.0335,0.0734,0.1618,20899,6952,8395,0.4602,0.4848,0.4575,0.782,0.1936,7.6,12500,15000,9000,0.680000007,0.769999981,22.63999939,39205.28,27373,12.93999958,968,7257,41900,38300
California State University-Sacramento,3,4,Public,Far West,Large City,0.6968,20,945,25991,0.3247,0.0591,0.2567,0.2086,0.0046,0.0093,0.0585,0.0149,0.191,19380,7281,8364,0.4894,0.505,0.4285,0.8251,0.2521,7.1,15000,17250,12000,0.75999999,0.730000019,23.13999939,43423.41,28449,10.14000034,772,5864,45200,42700
California State University-San Bernardino,3,4,Public,Far West,Mid-size City,0.5831,18,888,15887,0.1743,0.0729,0.5549,0.0632,0.0025,0.0023,0.0283,0.0555,0.1065,17030,6585,8558,0.5046,0.5799,0.4112,0.8879,0.2094,9.7,16431,18482,12500,0.75,0.779999971,24.04000092,40191.82,28986.5,13.35999966,552,3762,42300,40600
California State University-San Marcos,3,4,Public,Far West,Large Suburb,0.6251,21,966,10689,0.3525,0.0327,0.3657,0.0952,0.0045,0.0044,0.0491,0.0201,0.1745,20386,8553,8357,0.4852,0.431,0.4791,0.823,0.1888,6.4,14000,18500,12500,0.819999993,0.639999986,23.78000069,49340.92,31166,7.21999979,271,1871,43600,40500
California State University-Stanislaus,3,4,Public,Far West,Small Suburb,0.7215,19,917,7751,0.282,0.0255,0.4496,0.1133,0.0035,0.0072,0.0369,0.0204,0.1557,17161,8274,8072,0.563,0.5774,0.5198,0.8725,0.203,4.9,14000,16500,13713,0.730000019,0.75,23.64999962,43469.3,31658.5,12.94999981,254,1888,40100,38500
California University of Pennsylvania,3,4,Public,Mid-Atlantic,Small Suburb,0.9269,19,964,6393,0.774,0.0956,0.0282,0.0072,0.0011,0.0011,0.0285,0.007,0.1181,23081,6990,9416,0.6737,0.3803,0.4976,0.7981,0.1836,8,19168,25000,11500,0.959999979,0.50999999,21.72999954,66158.08,60595,8.460000038,222,2233,37600,35200
Calvin College,3,4,Private,Great Lakes,Mid-size City,0.6975,26,1183,3895,0.7504,0.0254,0.0347,0.0426,0.0033,0,0.0257,0.0986,0.0226,39013,13845,7208,0.9881,0.2326,0.7273,0.8741,0.0192,2.5,22500,26870,12500,0.980000019,0.370000005,19.65999985,97807.66,93258,5.46999979,114,1062,41100,38100
Campbell University,3,4,Private,Southeast,Fringe Town,0.6983,22,1030,4463,0.5451,0.1685,0.0614,0.022,0.0058,0.0016,0.0181,0.0166,0.2075,40323,8835,7536,0.4595,0.3689,0.4893,0.799,0.3261,6.7,17000,24623.5,10500,0.920000017,0.479999989,22.78000069,63502.94,50771,8.970000267,150,1337,51400,41000
Campbellsville University,3,4,Private,Southeast,Remote Town,0.6844,21,985,2213,0.7424,0.1329,0.0163,0.0009,0.0032,0.0009,0.0158,0.0795,0.1075,31545,5444,5692,1,0.3799,0.4377,0.6884,0.1686,16.8,12000,19500,9500,0.889999986,0.629999995,22.56999969,53677.57,45765,11.94999981,58,553,31000,29800
Canisius College,3,4,Private,Mid-Atlantic,Large City,0.7251,25,1101,2858,0.7537,0.0728,0.0346,0.0217,0.0021,0.0007,0.0168,0.0374,0.0203,42796,8788,7530,0.4733,0.3012,0.6749,0.802,0.0373,5.1,20000,25000,10800,0.970000029,0.409999996,19.70000076,82047.93,78118,7.150000095,75,1230,43500,40800
Capital University,3,4,Private,Great Lakes,Large Suburb,0.7604,24,1102,2647,0.7998,0.0873,0.0317,0.0106,0.0008,0.0004,0.0393,0.0117,0.0869,42600,9026,8743,0.4559,0.296,0.5821,0.7436,0.1582,4.9,21500,27000,10728.5,0.980000019,0.449999988,22.45000076,73395.86,64146.5,6.789999962,104,1075,42300,39800
Cardinal Stritch University,3,4,Private,Great Lakes,Large Suburb,0.8423,22,1027,2680,0.5772,0.2493,0.0765,0.0216,0.0045,0.0022,0.0201,0.025,0.0619,37563,5250,6163,0.2215,0.4377,0.4162,0.7099,0.6632,6.6,24583,27875,19355,0.980000019,0.469999999,30.53000069,58949.97,48144.5,7.980000019,93,1260,50200,45400
Carleton College,3,3,Private,Great Plains,Distant Town,0.2095,31,1406,2023,0.6584,0.0351,0.0648,0.088,0.001,0.0015,0.0445,0.085,0,58275,26533,10669,0.9173,0.1231,0.9214,0.9602,0.0029,2.3,16644,17500,10000,0.970000029,0.349999994,19.39999962,104347.16,91175.5,6.730000019,23,236,52600,42700
Carlow University,3,4,Private,Mid-Atlantic,Large City,0.9522,20,946,1496,0.5341,0.1965,0.0221,0.0094,0.0033,0,0.0261,0.0013,0.2881,35640,7197,6870,1,0.356,0.6231,0.719,0.2424,5.8,21500,27000,12500,0.980000019,0.519999981,25.06999969,57010.98,47364,8.489999771,83,707,39200,35500
Carnegie Mellon University,3,4,Private,Mid-Atlantic,Large City,0.2549,32,1432,5834,0.3877,0.0519,0.0754,0.2473,0.0005,0.0002,0.0415,0.1414,0.019,59710,24821,11055,0.9324,0.137,0.8799,0.9422,0.0166,0.9,23000,25000,14750,0.980000019,0.300000012,19.82999992,103727.25,90107.5,5.909999847,113,1139,90200,72200
Carroll College,3,3,Private,Rocky Mountains,Remote Town,0.53,24,1112,1376,0.811,0.008,0.0422,0.0124,0.0145,0.0029,0.0145,0.0109,0.0269,38575,7125,6312,0.604,0.2167,0.6738,0.8146,0.0741,1.7,21500,27000,7500,0.970000029,0.449999988,20.64999962,79554.2,68497,8.090000153,36,419,41400,37800
Carroll University,3,4,Private,Great Lakes,Small City,0.8114,24,1090,3024,0.8687,0.0106,0.0632,0.0205,0.0017,0.0013,0.0188,0.0122,0.1062,37963,5523,6653,0.4036,0.2827,0.5629,0.7598,0.1119,4,19500,27000,9500,0.970000029,0.379999995,20.93000031,80731.12,76166.5,4.03000021,80,983,40700,38300
Carson-Newman University,3,4,Private,Southeast,Small Suburb,0.6657,23,1064,1688,0.8395,0.0912,0.0142,0.0047,0.003,0.0006,0.0195,0.019,0.0326,32446,6574,5577,0.5947,0.4113,0.4954,0.6865,0.0555,10.3,15505,25500,8652,0.920000017,0.569999993,20.92000008,61406.98,52873,9.649999619,71,657,36300,32900
Carthage College,3,4,Private,Great Lakes,Mid-size Suburb,0.7018,24,1105,2874,0.7603,0.0473,0.0414,0.0118,0.0031,0.001,0.0167,0,0.103,44910,9002,7638,1,0.2774,0.6501,0.7841,0.1189,7.7,20750,27000,11000,0.980000019,0.340000004,21.07999992,95747.7,89579,4.489999771,61,856,43400,40700
Case Western Reserve University,3,4,Private,Great Lakes,Large City,0.4188,31,1377,4551,0.5364,0.047,0.051,0.1868,0.0013,0.0002,0.0363,0.0824,0.011,55783,31974,10272,0.8044,0.2004,0.8012,0.9424,0.0191,1.3,22500,25000,14250,0.99000001,0.25999999,21.94000053,72928.28,57740,6.449999809,102,1143,74300,61800
Castleton State College,3,4,Public,New England,Distant Town,0.9205,20,954,2022,0.8521,0.0129,0.0203,0.0089,0.0059,0,0.0124,0.0114,0.0846,20799,7411,6175,1,0.3476,0.5149,0.7447,0.0938,7.9,18625,25596,8250,0.980000019,0.439999998,21.05999947,76421.19,69241,5.96999979,57,816,33300,31200
Catawba College,3,4,Private,Southeast,Mid-size Suburb,0.4058,0,985,1273,0.696,0.2113,0.0291,0.0118,0.0094,0,0.0149,0.0267,0.0503,37818,7026,6342,1,0.4301,0.5263,0.7,0.1926,12,16500,22780,9277.5,0.970000029,0.49000001,23.04999924,74358.57,61774,7.239999771,63,552,37000,34400
Catholic University of America,3,4,Private,Mid-Atlantic,Large City,0.6007,25,1118,3641,0.6311,0.0549,0.1052,0.0313,0.0016,0.0011,0.0313,0.0481,0.0536,54023,15799,9565,0.4848,0.1232,0.6852,0.8261,0.094,2.6,22000,26000,9500,0.980000019,0.239999995,21.21999931,120106.07,106352,5.400000095,71,808,51100,48900
Cazenovia College,3,3,Private,Mid-Atlantic,Fringe Town,0.7795,0,0,1031,0.7459,0.0776,0.0689,0.0116,0.0155,0.0058,0.0436,0,0.0912,41576,8588,6671,1,0.4444,0.5875,0.7201,0.1058,6.2,15250,25740,5500,0.959999979,0.540000021,20.18000031,66686.68,54278,7.980000019,52,479,32900,30800
Cedar Crest College,3,4,Private,Mid-Atlantic,Mid-size City,0.588,21,948,1252,0.7037,0.0911,0.1254,0.0312,0.0024,0.0032,0.0096,0.0136,0.4888,41240,9593,7031,0.4335,0.4253,0.5991,0.669,0.451,7.3,23250,30575,10500,0.980000019,0.479999989,24.94000053,63707.67,53743.5,5.949999809,56,604,44900,42500
Cedarville University,3,4,Private,Great Lakes,Fringe Town,0.7401,27,1195,3108,0.8777,0.0154,0.0241,0.0164,0.0039,0.0003,0.0183,0.0142,0.0209,33652,9988,6831,0.743,0.2078,0.7263,0.852,0.0154,1.4,19500,25000,12000,0.959999979,0.379999995,19.62999916,90859.17,83099,5.449999809,84,904,39400,36000
Centenary College,3,4,Private,Mid-Atlantic,Large Suburb,0.9094,21,956,1708,0.5726,0.106,0.1042,0.0146,0.0029,0,0.007,0.0363,0.0574,44586,5408,6656,1,0.2744,0.5673,0.7091,0.3138,6.9,19837.5,25000,12000,0.99000001,0.389999986,25.38999939,80140.31,64948,4.489999771,56,666,44100,38300
Central College,3,3,Private,Great Plains,Distant Town,0.658,24,1089,1303,0.8956,0.0192,0.0269,0.0077,0.0023,0.0015,0.013,0.0038,0.0207,43491,11755,6790,0.8509,0.2678,0.6493,0.8281,0.0144,4.1,27000,27800,12498.5,0.99000001,0.389999986,19.61000061,89009.31,77865,5.25,33,684,40300,39200
Central Connecticut State University,3,4,Public,New England,Large Suburb,0.6413,22,1006,9512,0.6846,0.1051,0.1159,0.0347,0.0018,0.0012,0.0221,0.0099,0.2008,20372,8990,8513,0.4879,0.3335,0.5191,0.7681,0.1999,8,16852.5,22894,11250,0.959999979,0.449999988,21.22999954,74112.94,66799.5,5.550000191,183,2273,43000,41200
Central Methodist University-College of Liberal Arts and Sciences,3,3,Private,Great Plains,Distant Town,0.6506,22,1006,1104,0.6332,0.029,0.0082,0.0136,0.0009,0,0,0.0018,0.0725,32000,9279,5697,0.7514,0.439,0.4407,0.5728,0.0578,10.6,12580,17285,9500,0.920000017,0.610000014,24.29000092,55714.2,44654,9.199999809,49,609,34900,31500
Central Michigan University,3,4,Public,Great Lakes,Distant Town,0.6304,22,1029,20070,0.7971,0.0744,0.0299,0.0093,0.0069,0.0005,0.0188,0.0135,0.1228,21523,8249,8603,0.6836,0.349,0.5929,0.7671,0.1325,6.2,21721.5,27000,12000,0.970000029,0.50999999,21,77212.89,70233.5,6.139999866,401,5239,39200,36100
Central State University,3,4,Public,Great Lakes,Fringe Rural,0.3328,17,825,2028,0.0192,0.9512,0.0059,0.0005,0.0025,0,0.0064,0.0025,0.0932,17380,6839,6423,1,0.7576,0.2518,0.5279,0.1699,20.9,17411,39068,10500,0.939999998,0.839999974,20.56999969,34544.86,25877,15.27000046,91,589,23200,20500
Central Washington University,3,4,Public,Far West,Distant Town,0.8216,21,986,9958,0.6465,0.0292,0.1202,0.0522,0.005,0.004,0.0562,0.0036,0.1054,21401,7903,7306,0.6774,0.3547,0.5132,0.7387,0.1888,7.9,15916,21267,11109,0.930000007,0.519999981,22.47999954,64896.89,55180,8.06000042,317,3147,42600,40300
Centre College,3,3,Private,Southeast,Distant Town,0.6857,29,1268,1372,0.8287,0.0481,0.0248,0.0248,0,0,0.0292,0.0415,0.0007,46400,15873,6951,0.9242,0.1555,0.8196,0.9003,0.0007,2.5,21450,26063,8750,0.959999979,0.330000013,19.37000084,103884.41,90526,7.699999809,14,194,42100,35800
Chaminade University of Honolulu,3,4,Private,Far West,Large City,0.8359,21,972,1864,0.1754,0.0504,0.0628,0.3047,0.0075,0.1379,0.1363,0.0129,0.1599,30801,8093,8006,1,0.2925,0.3843,0.7296,0.3237,8.3,15969.5,24082,12500,0.850000024,0.620000005,23.90999985,53188.8,35422,6.929999828,127,660,37700,37600
Champlain College,3,4,Private,New England,Small City,0.7079,25,1122,2851,0.7131,0.0277,0.0365,0.0119,0.0039,0.0014,0.0224,0.0112,0.1831,44636,8683,7305,0.9915,0.2488,0.5763,0.7887,0.2205,5.8,21500,27000,10950,0.99000001,0.340000004,21.89999962,90632.33,80415,4.940000057,65,793,41100,37900
Chapman University,3,4,Private,Far West,Mid-size City,0.4471,27,1208,5940,0.5978,0.0162,0.1433,0.0981,0.003,0.0024,0.0586,0.038,0.0348,57020,13977,11095,1,0.2035,0.761,0.9073,0.0303,3.5,19000,20250,14000,0.970000029,0.340000004,27.71999931,71813.4,53889,8.31000042,363,3037,49800,48000
Charleston Southern University,3,4,Private,Southeast,Small City,0.6887,21,973,2904,0.5933,0.2992,0.0317,0.0145,0.0062,0.0014,0.0172,0.0076,0.1043,33245,5888,6087,0.5867,0.4667,0.3615,0.647,0.2198,8.8,15750,28000,10500,0.949999988,0.600000024,21.93000031,57372.21,44120.5,9.789999962,144,1059,35900,32400
Chestnut Hill College,3,4,Private,Mid-Atlantic,Large City,0.5785,21,960,1510,0.4132,0.3536,0.0742,0.0172,0.0026,0.0046,0.0338,0.0146,0.2285,42663,7120,6218,0.2353,0.4915,0.4188,0.7238,0.379,7.6,23500,27000,12500,0.959999979,0.560000002,25.34000015,60225.69,44204,10.73999977,53,396,40300,39200
Chicago State University,3,4,Public,Great Lakes,Large City,0.2865,19,892,4321,0.0243,0.7764,0.0627,0.0095,0.0012,0.0002,0,0.0002,0.3409,18472,14592,7512,0.7299,0.6873,0.207,0.5361,0.5661,13.8,20862.5,27499,18111,0.74000001,0.839999974,26.42000008,25960.58,19349,17.21999931,238,1248,34700,31200
Chowan University,3,4,Private,Southeast,Distant Town,0.6154,16,777,1361,0.2116,0.6958,0.0257,0.0007,0.0088,0,0.0382,0.0118,0.0558,32188,5191,6164,0.5905,0.6713,0.244,0.4825,0.0779,20.7,9500,32000,9500,0.949999988,0.629999995,20.60000038,53764.13,41295,10.85000038,48,391,31500,29400
Christian Brothers University,3,4,Private,Southeast,Large City,0.4745,24,1105,1156,0.4602,0.3166,0.0657,0.0657,0.0026,0.0009,0.0294,0.0467,0.1194,34413,6948,5988,0.9907,0.4228,0.5668,0.7778,0.1721,7.2,20600,27000,12000,0.959999979,0.589999974,23.37999916,59020.1,41418,10.65999985,32,406,43900,41800
Christopher Newport University,3,4,Public,Southeast,Mid-size City,0.5902,26,1161,5083,0.7543,0.0793,0.0504,0.0236,0.0026,0.002,0.0478,0.0024,0.0238,24696,8747,7705,0.6493,0.1665,0.6551,0.8394,0.0206,2.7,19736.5,25000,12257,0.970000029,0.289999992,19.70999908,100542.29,95158,4.909999847,109,1209,41900,39800
Citadel Military College of South Carolina,3,4,Public,Southeast,Mid-size City,0.8041,23,1080,2660,0.7782,0.0827,0.0617,0.0256,0.0143,0.0026,0.0233,0.0105,0.0538,24827,8968,8115,0.7082,0.2355,0.6885,0.8459,0.0826,5.7,19500,24211,12500,0.949999988,0.379999995,20.09000015,94258.6,83389,7.440000057,32,600,50500,46400
Claflin University,3,4,Private,Southeast,Distant Town,0.526,18,873,1803,0.0172,0.9163,0.0161,0.0033,0.0078,0,0.005,0.0344,0.0211,29849,7775,6217,0.7048,0.8041,0.437,0.7023,0.1461,14.4,22055,30000,12265,0.920000017,0.819999993,22.95999908,35924.15,27154,15.34000015,75,566,27800,25000
Claremont McKenna College,3,4,Private,Far West,Large Suburb,0.1173,31,1397,1311,0.4386,0.0397,0.1121,0.1083,0,0.0015,0.0778,0.1442,0.0031,60065,26268,9388,0.9195,0.1163,0.9254,0.9622,0.003,0,12086,14000,7125,0.959999979,0.370000005,19.54000092,112417.66,88986.5,7.210000038,18,157,70800,55600
Clarion University of Pennsylvania,3,4,Public,Mid-Atlantic,Remote Town,0.9348,0,915,5046,0.8601,0.065,0.0208,0.0046,0.0014,0.0008,0.0232,0.0063,0.1336,20478,7848,9448,0.7321,0.388,0.5286,0.7572,0.1652,8.1,19000,26000,9500,0.939999998,0.540000021,21.40999985,62100.44,57055.5,8.140000343,208,2220,35200,33100
Clark Atlanta University,3,4,Private,Southeast,Large City,0.568,19,880,2629,0.0015,0.8749,0.0057,0.0019,0.0034,0,0,0.0084,0.0437,34201,8191,6418,0.5904,0.7078,0.3893,0.6506,0.0289,12.4,20000,31500,11000,0.980000019,0.680000007,19.92000008,55844.37,41956,12.07999992,166,1323,32700,29800
Clark University,3,4,Private,New England,Mid-size City,0.6154,0,0,2312,0.6207,0.0389,0.064,0.0554,0.0004,0.0004,0.0229,0.1211,0.0216,47248,10780,9630,0.5838,0.2071,0.8094,0.8859,0.0303,3.6,23000,26000,10250,0.939999998,0.409999996,20.62000084,88024.49,75720.5,6.489999771,46,568,41500,38800
Clarkson University,3,4,Private,Mid-Atlantic,Remote Town,0.6403,26,1187,3060,0.831,0.0229,0.0444,0.0353,0.002,0.0003,0.0199,0.0252,0.0036,54772,13218,10138,0.8745,0.2813,0.7287,0.87,0.0154,2.4,24187,27000,14379,0.980000019,0.379999995,19.55999947,89280.81,82272,7.159999847,63,1124,61900,62400
Clayton State University,3,4,Public,Southeast,Large Suburb,0.477,20,939,6445,0.2056,0.6498,0.0157,0.0448,0.0014,0.0008,0.0285,0.0104,0.4043,17487,5310,6019,0.7957,0.5781,0.2671,0.7273,0.4888,9.3,18997,28117.5,14250,0.850000024,0.730000019,26.22999954,40773.94,30868,8.229999542,248,1697,37600,34900
Clemson University,3,4,Public,Southeast,Large Suburb,0.5787,29,1259,16801,0.836,0.0626,0.0259,0.0177,0.0015,0.001,0.0211,0.0082,0.0481,27944,11711,9907,0.6632,0.1782,0.8253,0.9194,0.0393,4,20008,22388.5,12000,0.959999979,0.379999995,20.06999969,97916.93,87306,7.550000191,192,2716,48500,43500
Cleveland State University,3,4,Public,Great Lakes,Large City,0.6287,22,1030,11484,0.6276,0.1919,0.0489,0.0245,0.0021,0.0011,0.0269,0.0477,0.2261,22041,8213,8624,1,0.4344,0.3198,0.6721,0.3078,9,16500,24000,11888,0.930000007,0.610000014,24.70999908,43936.8,31001,9.920000076,446,3143,39900,36900
Coastal Carolina University,3,4,Public,Southeast,Small City,0.7404,21,993,8570,0.6924,0.2078,0.0369,0.0065,0.0037,0.0013,0.0351,0.0125,0.066,21601,7879,7130,1,0.377,0.4584,0.6264,0.089,10.6,14750,25000,8250,0.949999988,0.460000008,20.55999947,79662.53,67086.5,7.449999809,153,1913,35900,32500
Coe College,3,4,Private,Great Plains,Mid-size City,0.6171,26,1166,1355,0.7882,0.0406,0.0546,0.0236,0.0022,0,0.0339,0.0192,0.0148,45387,11825,7662,0.561,0.283,0.6667,0.7879,0.0352,5.9,21875,27000,9500,0.99000001,0.389999986,20.40999985,81256.19,75314,5.670000076,15,384,43200,40300
Coker College,3,3,Private,Southeast,Distant Town,0.5326,20,956,1131,0.5128,0.3563,0.0292,0.0018,0.0035,0.0018,0.0203,0.0195,0.1096,32029,6063,6032,1,0.5515,0.4322,0.5936,0.3199,8.7,20850,31750,11500,0.959999979,0.660000026,26.79999924,50898.45,34833,13.44999981,76,455,32500,30400
Colby College,3,3,Private,New England,Remote Town,0.2604,30,1343,1820,0.5967,0.033,0.0626,0.0544,0.0005,0,0.0478,0.0841,0,57300,20179,11329,0.8482,0.1079,0.9251,0.931,0.0005,2.5,18500,19461,6000,0.959999979,0.239999995,19.38999939,124510.95,104003,5.710000038,23,271,57000,45700
Colby-Sawyer College,3,3,Private,New England,Distant Rural,0.8312,0,0,1395,0.6323,0.0538,0.0287,0.01,0.0022,0.0014,0.0065,0.1161,0.0065,50644,6834,6825,0.967,0.3355,0.5439,0.7362,0.0142,6.4,21780,27000,8375,0.99000001,0.270000011,19.59000015,98809.94,90572,4.400000095,16,365,39000,35600
Colgate University,3,4,Private,Mid-Atlantic,Distant Town,0.2638,31,1370,2872,0.6779,0.0425,0.0787,0.0327,0.0021,0.0014,0.0359,0.0843,0.0003,57745,21634,10985,1,0.1154,0.9086,0.9312,0.0014,2.7,15062.5,15625,7750,0.970000029,0.330000013,19.29000092,110016.68,91654,6.630000114,37,409,61700,53400
College for Creative Studies,3,4,Private,Great Lakes,Large City,0.486,22,1010,1352,0.5962,0.0784,0.0429,0.0488,0.0037,0.003,0.0266,0.0629,0.2019,46095,10845,6882,1,0.3702,0.5583,0.7814,0.1431,6.6,24000,28250,10124,0.970000029,0.50999999,21.35000038,79319.28,65746,6.550000191,69,466,39700,33200
College of Charleston,3,4,Public,Southeast,Mid-size City,0.7031,26,1165,10150,0.8241,0.0628,0.0416,0.0162,0.0014,0.0016,0.0329,0.0078,0.0521,25086,8234,7747,0.6435,0.2257,0.6448,0.8262,0.0853,6.6,17000,22341,9500,0.949999988,0.409999996,20.57999992,90152.6,71255,7.679999828,212,1964,39700,35800
College of Mount Saint Vincent,3,4,Private,Mid-Atlantic,Large City,0.731,20,919,1635,0.2661,0.1731,0.3394,0.0954,0.0024,0.0006,0.055,0.0171,0.0893,37738,8295,8049,0.3524,0.5515,0.5152,0.6687,0.1414,7.9,25000,28500,9500,0.970000029,0.50999999,20.77000046,70753.34,53055.5,14.72000027,62,501,50000,46500
College of Mount St Joseph,3,4,Private,Great Lakes,Large Suburb,0.8755,22,989,1655,0.8151,0.1021,0.0218,0.0048,0.0018,0,0.0187,0.0024,0.2616,31989,7201,6401,1,0.3152,0.5821,0.6934,0.2546,10.5,22062.5,32000,21000,0.970000029,0.49000001,23.04000092,70365.07,62912,6.380000114,48,653,39600,37500
College of Our Lady of the Elms,3,4,Private,New England,Large Suburb,0.7492,19,928,1308,0.5558,0.0826,0.107,0.0252,0.0069,0,0,0.0076,0.2309,40802,6539,6340,0.8421,0.3967,0.6788,0.799,0.3408,8.2,22160.5,27000,13624.5,0.99000001,0.419999987,23.69000053,71994.52,71106.5,9.180000305,34,337,42900,41300
College of Saint Benedict,3,3,Private,Great Plains,Mid-size Suburb,0.7554,26,1157,2051,0.802,0.0195,0.0517,0.057,0.0049,0.0005,0.0083,0.0561,0.0176,47734,10965,8036,0.8586,0.2391,0.816,0.8878,0.0102,1.1,23250,26337,8750,0.980000019,0.330000013,19.45000076,105916,94964,4.269999981,23,571,47700,45200
College of Staten Island CUNY,3,4,Public,Mid-Atlantic,Large City,0.9975,0,1000,12974,0.5193,0.1303,0.1978,0.1124,0.0016,0.0022,0.0103,0.0261,0.2479,14298,7802,7198,0.3447,0.4463,0.2912,0.8286,0.195,11.5,9000,16872,7500,0.430000007,0.800000012,22.35000038,40286.29,27650,12.27000046,495,2723,40400,35200
College of the Holy Cross,3,3,Private,New England,Mid-size City,0.3297,0,0,2878,0.6807,0.0407,0.107,0.0452,0.0017,0,0.0299,0.009,0.0003,56706,18859,9666,0.8677,0.1627,0.9136,0.9515,0.0014,1.9,27000,27000,10900,0.949999988,0.25999999,19.31999969,125254.65,108458,5.579999924,31,513,66500,55800
College of the Ozarks,3,3,Private,Great Plains,Distant Town,0.1301,23,1050,1513,0.9174,0.0059,0.0198,0.0053,0.0059,0.0007,0.0172,0.0218,0.0099,26813,9444,6792,0.6471,0.6166,0.6454,0.8601,0.0205,0,0,0,0,0,1,20.06999969,33369.07,32674.5,10.14000034,32,471,32300,29300
College of William and Mary,3,4,Public,Southeast,Small Suburb,0.3321,30,1358,6235,0.595,0.0714,0.0914,0.0682,0.0019,0.0008,0.0472,0.0419,0.0074,25938,13265,10253,0.8087,0.1175,0.8993,0.9562,0.0196,0.9,19500,20785.5,12000,0.939999998,0.300000012,19.95999908,112915,98940,4.800000191,81,868,57400,48800
Colorado Christian University,3,4,Private,Rocky Mountains,Mid-size City,0.9764,0,0,3614,0.6785,0.0849,0.1209,0.0141,0.0077,0.0036,0.0288,0.0033,0.6079,36956,4938,5817,0.1677,0.4139,0.3726,0.6911,0.45,6.2,9500,25351,7336,0.949999988,0.479999989,28.11000061,67437.7,54471,5.690000057,86,622,38800,35600
Colorado College,3,4,Private,Rocky Mountains,Large City,0.2228,30,1323,2025,0.6963,0.0212,0.0884,0.0435,0.0044,0,0.0785,0.0612,0,54200,20972,10886,0.8605,0.0983,0.8721,0.9608,0.0034,3,17255,18049.5,12000,0.899999976,0.370000005,20.12999916,100140.33,73379,6.360000134,35,284,39400,34400
Colorado Mesa University,3,4,Public,Rocky Mountains,Small City,0.8212,21,972,8733,0.7213,0.0251,0.1453,0.0142,0.0097,0.0054,0.0374,0.0046,0.1742,18077,5323,6428,0.4544,0.4025,0.3005,0.6535,0.2305,16,11250,22000,9500,0.889999986,0.629999995,23.34000015,53915.8,40837,7.070000172,287,1655,36200,32400
Colorado School of Mines,3,4,Public,Rocky Mountains,Large Suburb,0.3743,29,1298,4197,0.7529,0.0117,0.0803,0.0467,0.0019,0.0002,0.0422,0.0434,0.0407,29091,13498,10579,0.8575,0.1754,0.6969,0.9189,0.0711,1.9,22625,26025,11700,0.949999988,0.430000007,20.02000046,83465.13,74554,5.170000076,52,669,78700,73000
Colorado State University-Fort Collins,3,4,Public,Rocky Mountains,Mid-size City,0.7743,25,1127,22482,0.7495,0.021,0.096,0.019,0.0033,0.0009,0.0346,0.0251,0.1024,21823,10417,8869,0.6959,0.2571,0.6383,0.8591,0.107,4.8,16707.5,21250,9750,0.930000007,0.439999998,20.79000092,81929.11,69107,5.110000134,537,5053,44200,39500
Colorado State University-Pueblo,3,4,Public,Rocky Mountains,Mid-size City,0.9434,21,967,4375,0.5067,0.077,0.3093,0.0169,0.0069,0.0023,0.0325,0.0139,0.1479,18007,5368,6619,0.4771,0.4132,0.3306,0.6263,0.2387,13.9,12061,21199,8250,0.889999986,0.639999986,24.21999931,50889.72,38635,8.93999958,186,1321,35300,33700
Columbia College-Chicago,3,4,Private,Great Lakes,Large City,0.9053,0,0,9577,0.5583,0.1659,0.1054,0.03,0.0034,0.0005,0.0399,0.0188,0.0927,37546,12807,7978,0.2729,0.3797,0.4058,0.6655,0.1117,13,20000,26000,11000,0.959999979,0.50999999,21.10000038,75378.25,58289.5,7.53000021,485,3490,32300,29100
Columbia University in the City of New York,3,4,Private,Mid-Atlantic,Large City,0.0742,33,1471,7970,0.3922,0.0749,0.1358,0.1709,0.0055,0.0014,0.0449,0.1368,0.0748,61540,78147,15706,0.5324,0.2154,0.9329,0.9734,0.1744,2,17125,19435,14500,0.980000019,0.209999993,23.76000023,59265.49,30939,8.779999733,320,2328,92500,69500
Columbus College of Art and Design,3,4,Private,Great Lakes,Large City,0.8551,22,1035,1277,0.686,0.0854,0.0532,0.0305,0.0039,0,0.0399,0.0666,0.0392,39478,9500,6470,0.3125,0.3727,0.5908,0.7938,0.1157,10.2,26945,27000,12000,0.970000029,0.50999999,20.75,75000.48,63255,6.820000172,60,478,32000,27300
Columbus State University,3,4,Public,Southeast,Mid-size City,0.5543,21,984,6849,0.5246,0.3584,0.0523,0.0209,0.0053,0.0026,0.0269,0.0091,0.2781,17029,7030,6212,0.6241,0.4559,0.3012,0.6648,0.3071,11.4,14750,24594,11227,0.860000014,0.680000007,23.29000092,48872.34,35427.5,10.71000004,214,1680,33500,30700
Concord University,3,4,Public,Southeast,Remote Town,0.457,21,980,2474,0.8694,0.0647,0.0133,0.0069,0.0032,0,0,0.0416,0.0816,17146,5358,6123,0.5327,0.4738,0.3576,0.6388,0.1876,17.3,11028,21500,9065,0.860000014,0.689999998,21.37999916,47421.17,37164,15.02000046,145,814,31200,27800
Concordia College at Moorhead,3,4,Private,Great Plains,Mid-size Suburb,0.7998,25,1144,2464,0.8413,0.0162,0.0191,0.0179,0.0061,0.0004,0.0142,0.0296,0.0069,39803,10209,4889,0.9403,0.2426,0.7101,0.8449,0.0122,2,24500,27000,8750,0.980000019,0.340000004,19.68000031,91300.58,84068,5.71999979,54,932,42500,39100
Concordia University-Chicago,3,4,Private,Great Lakes,Large Suburb,0.5441,22,1030,1563,0.5592,0.142,0.2271,0.0205,0.0006,0.0026,0.032,0.0077,0.0486,34774,8334,4134,0.6216,0.4521,0.5348,0.673,0.1596,3.5,15750,25000,9500,0.970000029,0.460000008,22.06999969,69992.09,61882,7.210000038,44,412,39000,36400
Concordia University-Irvine,3,4,Private,Far West,Mid-size City,0.9119,23,1020,1916,0.4937,0.0324,0.1827,0.06,0.0031,0.0031,0.0433,0.035,0.0908,41233,5628,7044,0.3442,0.2503,0.6256,0.7633,0.1528,3.5,18112,21500,12500,0.959999979,0.449999988,22,86157.18,71434,7.090000153,75,494,41500,38000
Concordia University-Nebraska,3,4,Private,Great Plains,Distant Town,0.7152,24,1091,1185,0.854,0.0363,0.0371,0.0051,0.0025,0.0008,0.011,0.0143,0.0439,33226,5404,6086,0.8625,0.2242,0.6364,0.7568,0.0405,3.6,18225,25000,8750,0.970000029,0.449999988,20.09000015,77896.81,68665,6.199999809,28,412,37300,33700
Concordia University-Portland,3,4,Private,Far West,Large City,0.5592,21,993,1378,0.5435,0.0588,0.0689,0.0653,0.0203,0.0058,0.0065,0.0225,0.1393,35963,3210,7401,0.2227,0.4485,0.5549,0.7073,0.2839,4.2,17500,26740,12000,0.970000029,0.5,24.81999969,64443.3,53453,7.630000114,44,374,43600,38800
Concordia University-Saint Paul,3,4,Private,Great Plains,Large City,0.5239,21,991,1927,0.6424,0.136,0.042,0.0654,0.0052,0.0026,0.0374,0.0218,0.3996,40267,5381,4358,0.2345,0.3539,0.4627,0.7278,0.4048,6.4,16667,23000,11225,0.980000019,0.449999988,26.18000031,66177.34,57993.5,5.46999979,52,824,50100,44700
Concordia University-Texas,3,4,Private,Southwest,Large City,0.4685,23,1035,1493,0.5017,0.1273,0.221,0.0261,0.0074,0,0,0.0074,0.2518,37394,5736,6269,1,0.3924,0.3438,0.4836,0.3677,6.7,15224,25500,9836.5,0.959999979,0.469999999,25.32999992,74551.81,58229.5,7.139999866,44,388,41600,37200
Concordia University-Wisconsin,3,4,Private,Great Lakes,Large Suburb,0.6992,23,1049,4322,0.6821,0.1738,0.0255,0.0169,0.0118,0.0012,0.0278,0.0204,0.2922,36660,7156,8016,1,0.3435,0.5569,0.7098,0.4364,6.8,14250,25153,11966,0.970000029,0.460000008,26.80999947,64997.18,56964,6.619999886,112,1171,42000,38700
Connecticut College,3,4,Private,New England,Small City,0.3585,0,0,1878,0.6997,0.0399,0.0905,0.033,0,0.0011,0.0261,0.0501,0.0027,58690,18480,9574,1,0.1298,0.8354,0.8827,0.0115,3,20712.5,24050,9550,0.970000029,0.270000011,19.37999916,108711.44,94160,6.559999943,35,292,48700,44500
Coppin State University,3,4,Public,Mid-Atlantic,Large City,0.355,0,880,2880,0.0139,0.8337,0.017,0.0035,0.0003,0.001,0.0205,0.0736,0.2208,16147,8608,6952,0.4221,0.5964,0.1387,0.6118,0.4192,22.5,12250,19031,10000,0.819999993,0.819999993,24.12000084,36493.98,29366,13.56000042,145,928,35800,33300
Cornell College,3,3,Private,Great Plains,Fringe Town,0.6411,26,1182,1122,0.6488,0.0535,0.1283,0.0312,0.0071,0.0027,0.0294,0.057,0.0071,46135,9227,6592,0.9518,0.3449,0.6772,0.8272,0.0213,4,25015,27000,9500,0.99000001,0.360000014,19.65999985,90358.36,82517,5.449999809,26,403,38200,35100
Cornell University,3,4,Private,Mid-Atlantic,Small City,0.1556,32,1422,14309,0.4268,0.0587,0.1116,0.1635,0.003,0.0003,0.0432,0.0939,0.0009,59572,23140,13820,0.9022,0.1636,0.9334,0.9677,0.0133,1.5,11500,12000,9496,0.970000029,0.340000004,19.79999924,97334.41,81957,6.489999771,233,2662,84500,65000
Cornerstone University,3,4,Private,Great Lakes,Mid-size City,0.6807,24,1084,2100,0.8057,0.11,0.0457,0.0114,0.0043,0.001,0.0067,0.0152,0.2362,33912,6292,5537,0.9857,0.4352,0.4571,0.7612,0.3605,7.6,17750,23469,13291,0.959999979,0.529999971,27.26000023,64075.53,55078,7.809999943,150,875,35600,32800
Covenant College,3,4,Private,Southeast,Large Suburb,0.5704,26,1173,1063,0.8833,0.0329,0.0226,0.0216,0.0056,0.0009,0.016,0.0169,0.0122,38510,8344,6841,0.9875,0.2958,0.5808,0.847,0.0254,3.3,18500,21950,12000,0.949999988,0.449999988,24.81999969,72154.89,61514,7.260000229,60,517,42200,37200
Creighton University,3,4,Private,Great Plains,Large City,0.7665,27,1214,3943,0.7375,0.0249,0.0697,0.0933,0.0048,0.0036,0.0401,0.018,0.0388,46248,13789,9081,0.6756,0.191,0.7592,0.9088,0.0775,2,21500,23750,13950,0.970000029,0.310000002,20.80999947,101259.23,80669.5,5.650000095,54,1170,59300,51200
Crown College,3,4,Private,Great Plains,Fringe Rural,0.55,21,983,1095,0.7699,0.0712,0.0384,0.0521,0.0073,0.0027,0.0119,0.0356,0.1644,34574,3243,4584,0.2467,0.4881,0.5563,0.6959,0.3494,6.1,14625,27000,9500,0.899999976,0.569999993,26.23999977,61329.29,53587.5,5.150000095,60,386,33300,30000
Cumberland University,3,4,Private,Southeast,Fringe Town,0.473,21,986,1198,0.6736,0.116,0.0284,0.0067,0.0033,0,0,0.0392,0.1185,33402,6408,5864,0.4067,0.3976,0.3714,0.6368,0.2537,8.4,17259,22143,11500,0.879999995,0.560000002,22,62062.35,47713,7.730000019,44,408,38400,36600
CUNY Bernard M Baruch College,3,4,Public,Mid-Atlantic,Large City,0.2483,0,1225,13698,0.2799,0.0923,0.1545,0.3397,0.0017,0.003,0.0073,0.1217,0.2413,15112,7969,8651,0.4624,0.4502,0.6687,0.8762,0.2613,6.1,10000,11500,8000,0.310000002,0.889999986,21.77000046,29059.07,21425,17.48999977,477,3161,54100,49500
CUNY Brooklyn College,3,4,Public,Mid-Atlantic,Large City,0.3198,0,1100,12625,0.3796,0.2187,0.179,0.1739,0.0016,0.0023,0.0116,0.0334,0.2504,13903,8845,7529,0.4509,0.4816,0.51,0.864,0.2761,8.3,9500,11000,8500,0.439999998,0.850000024,23.25,27433.12,19691,18.70000076,563,2980,43100,39300
CUNY City College,3,4,Public,Mid-Atlantic,Large City,0.341,0,1110,11820,0.1675,0.183,0.3226,0.2353,0.0008,0.0043,0.0108,0.0756,0.2215,14041,13009,8257,0.4029,0.5073,0.4201,0.8747,0.2353,9,10000,12500,8000,0.400000006,0.860000014,23.11000061,26864.6,20534,21.60000038,389,2368,43400,39700
CUNY Hunter College,3,4,Public,Mid-Atlantic,Large City,0.2972,0,1160,15697,0.3169,0.1003,0.2488,0.2424,0.0022,0.0074,0.0162,0.0657,0.2563,14478,8762,7895,0.3689,0.4097,0.5038,0.8669,0.2224,5.3,9500,10500,8500,0.439999998,0.790000021,22.44000053,32945.53,22554,16.98999977,571,3245,43500,40400
CUNY John Jay College of Criminal Justice,3,4,Public,Mid-Atlantic,Large City,0.3405,0,950,12838,0.2214,0.1934,0.4286,0.1099,0.0035,0.006,0.0103,0.027,0.1922,13308,8585,7339,0.3844,0.5446,0.335,0.7795,0.2011,10.3,8251,11500,6500,0.370000005,0.850000024,21.21999931,30945.09,23126,19.87999916,521,3924,41800,37600
CUNY Lehman College,3,4,Public,Mid-Atlantic,Large City,0.2328,0,1020,9020,0.072,0.2797,0.5408,0.0589,0.0013,0.0022,0.0045,0.0406,0.3764,12957,10149,7271,0.4767,0.5231,0.3696,0.815,0.4516,9.5,7500,9500,6500,0.400000006,0.879999995,24.70999908,25737.31,20048.5,26.53000069,366,2567,41200,38100
CUNY Queens College,3,4,Public,Mid-Atlantic,Large City,0.3702,0,1100,14424,0.3531,0.0728,0.2714,0.2412,0.0017,0.0035,0.006,0.0503,0.2544,13676,8204,7624,0.4045,0.3807,0.5635,0.8444,0.2501,6.5,9054,11200,7639.5,0.370000005,0.819999993,23.03000069,31861.75,22794.5,11.64999962,428,2581,45300,42300
CUNY York College,3,4,Public,Mid-Atlantic,Large City,0.351,0,905,7361,0.0693,0.4181,0.2285,0.2122,0.009,0.0096,0.0091,0.0442,0.3066,13967,8154,7001,0.3626,0.5399,0.2635,0.7415,0.2812,10.1,7000,10000,5500,0.230000004,0.930000007,24.18000031,25815.23,21863,16.60000038,276,1709,39100,35700
Curry College,3,4,Private,New England,Large Suburb,0.6692,18,931,2794,0.6682,0.0895,0.0519,0.0157,0.0032,0.0007,0.0157,0.0111,0.2598,47519,9905,8319,0.2765,0.2555,0.4502,0.7021,0.285,8.6,18625,26000,9500,0.980000019,0.360000014,21.79000092,83511.34,74416,5.760000229,76,881,45600,41900
Daemen College,3,4,Private,Mid-Atlantic,Large Suburb,0.4864,0,0,1971,0.7539,0.1101,0.0492,0.0198,0.0005,0.002,0.0091,0.0091,0.1279,32649,7624,5947,0.4891,0.3391,0.4931,0.7352,0.2305,7.4,15750,23250,9500,0.970000029,0.529999971,21.78000069,65327.98,56566,9.609999657,40,653,42900,36900
Dakota State University,3,4,Public,Great Plains,Distant Town,0.8297,22,1010,1743,0.8594,0.0304,0.0304,0.0138,0.0098,0.0023,0.0281,0.0138,0.3242,17201,7432,6855,0.7244,0.2364,0.4733,0.6926,0.2841,9.1,12500,24933,8836,0.980000019,0.540000021,22.12999916,58402.06,52416,7.190000057,47,680,36400,34500
Dallas Baptist University,3,4,Private,Southwest,Large City,0.423,23,1078,3375,0.6231,0.163,0.1241,0.019,0.0065,0.0018,0,0.0625,0.2747,32489,7945,7607,1,0.3034,0.5518,0.6973,0.3223,6.9,17348.5,23430,10250,0.930000007,0.529999971,26.60000038,63393.55,48905.5,7.300000191,142,1096,44000,39900
Dartmouth College,3,4,Private,New England,Remote Town,0.0978,32,1446,4154,0.4685,0.0655,0.0763,0.1399,0.0197,0.0005,0.0546,0.084,0,61398,25268,13143,0.8068,0.1364,0.947,0.979,0.0061,1.4,10695.5,11625,6962,0.959999979,0.340000004,20.20000076,102621.61,78815,6.800000191,61,618,88900,60300
Davenport University,3,4,Private,Great Lakes,Large Suburb,0.917,0,0,7119,0.6098,0.1537,0.0181,0.0204,0.0045,0.0013,0.0221,0.0176,0.6379,25439,4703,6090,0.2722,0.5275,0.3892,0.7887,0.6101,12,19000,30250,14397,0.910000026,0.75,29.55999947,35405.77,26029,10.02000046,1521,6432,30700,26800
Davidson College,3,3,Private,Southeast,Large Suburb,0.2561,31,1353,1782,0.6874,0.0735,0.0623,0.0477,0.0062,0,0.0376,0.0533,0,54930,17631,11706,0.9355,0.1313,0.9246,0.9571,0,2.2,15750,16662.5,8750,0.949999988,0.25,19.45999908,118112.31,111520,6.369999886,19,178,55100,47900
Delaware State University,3,4,Public,Mid-Atlantic,Small City,0.4168,18,890,3719,0.11,0.7467,0.0559,0.0067,0.003,0.0013,0.043,0.0239,0.0624,20506,10853,7478,0.6342,0.5034,0.3717,0.6523,0.0691,14.1,15000,29000,9500,0.949999988,0.680000007,20.44000053,51471.74,40163,10.85000038,119,1062,32000,30500
Delaware Valley College,3,4,Private,Mid-Atlantic,Large Suburb,0.6834,22,1005,1774,0.8072,0.0603,0.0609,0.0073,0.0068,0.0017,0.0073,0.0028,0.0941,44778,8110,7140,0.436,0.274,0.5684,0.6724,0.104,5.3,19500,26500,8744,0.970000029,0.349999994,20.68000031,86198.23,79773,4.980000019,57,714,37500,35800
Delta State University,3,4,Public,Southeast,Remote Town,0.8941,20,950,2638,0.5914,0.351,0.014,0.0068,0.0011,0.0008,0.0053,0.0265,0.1789,17749,7987,5908,0.6454,0.4927,0.3543,0.6614,0.1967,12.1,12500,21300,11170,0.879999995,0.74000001,22.93000031,40481.95,25297.5,21.95999908,110,922,34900,32000
Denison University,3,3,Private,Great Lakes,Small Suburb,0.4597,29,1285,2255,0.6851,0.0652,0.09,0.0337,0.0004,0.0004,0.0368,0.0683,0.0009,54490,17853,8414,1,0.1813,0.8137,0.8935,0.0088,2.9,22000,25000,8000,0.980000019,0.310000002,19.40999985,120939.76,101305,5.980000019,25,439,47300,43100
DePaul University,3,4,Private,Great Lakes,Large City,0.5987,26,1163,16120,0.5561,0.0837,0.1717,0.073,0.001,0.0021,0.0371,0.0265,0.1591,46375,11612,10392,0.5034,0.3448,0.7047,0.8536,0.2019,6,20500,24165.5,13475,0.949999988,0.529999971,22.28000069,74671.61,54683,7.139999866,487,3964,49400,44800
DePauw University,3,3,Private,Great Lakes,Distant Town,0.6121,27,1215,2272,0.6822,0.0643,0.0335,0.0308,0.0035,0,0.0585,0.1004,0.0013,51050,18330,8900,0.836,0.1879,0.7922,0.9221,0.0039,3,21000,24500,8750,0.970000029,0.340000004,19.48999977,107948.47,92959,5.739999771,27,434,51500,44800
DeSales University,3,4,Private,Mid-Atlantic,Fringe Rural,0.758,24,1069,2482,0.7575,0.0479,0.0862,0.0226,0.0064,0.002,0,0,0.2603,45331,8232,6520,0.3438,0.2666,0.7033,0.8509,0.3127,3.1,19500,27000,16535,0.99000001,0.300000012,22.80999947,85347.7,77146,5.409999847,39,835,46100,43600
Dickinson College,3,3,Private,Mid-Atlantic,Small City,0.4444,29,1285,2352,0.7615,0.0361,0.0574,0.0238,0.0004,0,0.0306,0.0723,0.0055,58149,17811,8726,0.7993,0.1215,0.8562,0.8985,0.0054,1.7,19545,21000,7500,0.99000001,0.270000011,19.36000061,119315.61,100478,6.039999962,53,430,53500,48700
Dickinson State University,3,3,Public,Great Plains,Remote Town,0.4868,21,965,1257,0.7637,0.0414,0.0549,0.0072,0.0119,0.0032,0.0191,0.0724,0.2037,13314,9327,6315,0.6065,0.2341,0.3915,0.5545,0.2436,7.1,13000,20362,8750,0.949999988,0.579999983,22.34000015,53071.16,47245.5,9.68999958,87,881,40900,35400
Dillard University,3,3,Private,Southeast,Large City,0.3544,19,884,1183,0.0025,0.8994,0.0059,0.0017,0,0,0.0059,0.049,0.0465,25343,12462,6288,0.4429,0.7682,0.4566,0.5918,0.0904,11.4,20000,32925,12250,0.870000005,0.75999999,19.92000008,44677.8,31979,16.44000053,95,740,30500,28000
Doane College-Crete,3,3,Private,Great Plains,Distant Town,0.7173,24,1077,1111,0.8353,0.0387,0.0576,0.0162,0.0045,0.0027,0.0198,0.0072,0.0045,36370,10167,5902,0.626,0.3386,0.6062,0.7834,0.0144,2.7,18624,22529,14027,0.959999979,0.5,22.60000038,64588.47,56267,6.519999981,35,643,42900,40300
Dominican College of Blauvelt,3,4,Private,Mid-Atlantic,Large Suburb,0.7189,21,899,1505,0.2532,0.1349,0.2698,0.0645,0.0013,0,0.0199,0,0.1495,35825,7242,7601,0.3455,0.4339,0.3565,0.6689,0.201,7.1,19000,29250,10250,0.980000019,0.50999999,22.80999947,65972.18,50370,9.539999962,53,533,47500,43700
Dominican University,3,4,Private,Great Lakes,Large Suburb,0.5997,22,1031,2020,0.4436,0.0673,0.4045,0.0312,0.001,0.002,0.0119,0.0282,0.0693,36307,9940,6685,0.4464,0.4401,0.6311,0.8247,0.1049,5.8,18656,25000,11000,0.959999979,0.479999989,21.60000038,70505.27,58497.5,6.929999828,39,439,41700,40100
Dominican University of California,3,4,Private,Far West,Small City,0.7752,23,1057,1567,0.328,0.0421,0.2253,0.1698,0.0057,0.0102,0.0325,0.0179,0.1774,56165,14357,8770,0.2969,0.3232,0.5387,0.8566,0.2127,4.7,25222,27000,14000,0.959999979,0.439999998,25.20000076,73265.64,54367,6.940000057,85,613,54600,48700
Dordt College,3,4,Private,Great Plains,Remote Town,0.7542,25,1119,1338,0.8371,0.0179,0.0157,0.0082,0.0015,0.0306,0,0.0845,0.0045,37080,8671,5959,1,0.3106,0.623,0.8041,0.0254,1.4,19500,24000,8110,0.970000029,0.5,19.67000008,82944.11,74121,5.170000076,47,470,38400,35600
Dowling College,3,4,Private,Mid-Atlantic,Large Suburb,0.7828,0,0,1708,0.4473,0.0937,0.0697,0.007,0.0018,0.0035,0,0.0463,0.1569,39399,9924,8003,0.1936,0.3024,0.3408,0.6203,0.1404,7.4,19250,25000,12500,0.949999988,0.519999981,21.60000038,69754.83,51876,6.150000095,130,1064,42200,37800
Drake University,3,4,Private,Great Plains,Mid-size City,0.6595,28,1240,3310,0.7937,0.0323,0.0326,0.0447,0.0018,0.0006,0.013,0.0695,0.0402,42477,9273,9108,0.6646,0.1715,0.727,0.875,0.0476,2.9,21500,25000,12000,0.980000019,0.310000002,20.27000046,97812.93,88132.5,4.710000038,54,1071,60300,48000
Drew University,3,4,Private,Mid-Atlantic,Large Suburb,0.7743,25,1109,1453,0.5616,0.1074,0.1438,0.0475,0.0007,0.0007,0.0262,0.0323,0.0206,56932,13206,8538,0.6133,0.2928,0.6881,0.7569,0.0221,2.3,25000,27000,9500,0.980000019,0.340000004,19.39999962,108375.38,94248,4.920000076,33,368,45600,40900
Drexel University,3,4,Private,Mid-Atlantic,Large City,0.815,27,1197,16257,0.5657,0.064,0.0564,0.1257,0.0015,0.0063,0.0263,0.1273,0.1446,53831,13309,10246,0.5358,0.2021,0.6951,0.8644,0.1823,3.5,17027.5,26098,10873,0.980000019,0.300000012,22.21999931,84469.63,69348,6.46999979,316,3828,64000,58400
Drury University,3,4,Private,Great Plains,Mid-size City,0.8095,25,1146,4001,0.847,0.0392,0.0365,0.0142,0.0107,0.0017,0.0117,0.0387,0.2607,32556,6799,7024,0.9708,0.9259,0.5741,0.8444,0.4479,17.1,16000,23500,10000,0.860000014,0.699999988,26.15999985,44503.69,31562.5,10.21000004,246,1366,32200,29300
Duke University,3,4,Private,Southeast,Mid-size City,0.1342,32,1444,6501,0.4861,0.1001,0.0611,0.2124,0.0062,0.0005,0.0174,0.0892,0.0009,59528,51653,14288,0.94,0.1366,0.9423,0.972,0.0038,1.1,6569,6500,7000,0.959999979,0.239999995,21.30999947,92670.02,73265,6.349999905,107,1107,96500,69400
Duquesne University,3,4,Private,Mid-Atlantic,Large City,0.7409,25,1122,5944,0.8383,0.0421,0.0269,0.0185,0.0013,0.001,0.0217,0.0387,0.035,42280,10729,8863,0.4849,0.2023,0.7688,0.8761,0.0536,2.8,25500,27000,12000,0.980000019,0.330000013,20.95999908,90458.69,81511,6.449999809,124,2209,59700,51600
D'Youville College,3,4,Private,Mid-Atlantic,Large City,0.7908,23,1047,1855,0.7181,0.0873,0.048,0.0275,0.0075,0,0.0178,0.0668,0.1299,32741,8975,6071,0.5761,0.3558,0.4112,0.7875,0.3099,8.2,20325,26000,12500,0.980000019,0.540000021,24.39999962,51654.16,37451,12.10999966,48,440,50600,45500
Earlham College,3,4,Private,Great Lakes,Distant Town,0.637,29,1262,1016,0.5354,0.1348,0.0581,0.0374,0.0089,0,0.003,0.1969,0.0059,50930,19527,7391,0.9434,0.2576,0.71,0.8776,0.0122,3.7,21197,27000,11000,0.970000029,0.379999995,19.86000061,94178.23,79944,7.110000134,36,268,31700,29900
East Carolina University,3,4,Public,Southeast,Small City,0.6217,23,1050,20625,0.7097,0.1562,0.051,0.026,0.0056,0.0011,0.0291,0.0042,0.1094,19851,11838,7975,0.8428,0.3211,0.5631,0.8088,0.1535,6.7,18500,23775.5,11000,0.949999988,0.540000021,21.70999908,65286.33,53731,9.399999619,452,4856,38900,35900
East Central University,3,4,Public,Southwest,Remote Town,0.9814,21,969,3757,0.5882,0.0389,0.0482,0.0043,0.1584,0.0013,0.0854,0.0583,0.1853,13735,7061,5225,1,0.4848,0.3384,0.6252,0.2643,16.9,12449,19500,9287,0.769999981,0.790000021,24.18000031,37633.71,27762,12.89999962,234,1405,36000,33100
East Stroudsburg University of Pennsylvania,3,4,Public,Mid-Atlantic,Small City,0.7844,20,946,6109,0.6323,0.0927,0.101,0.0144,0.0021,0.0025,0.0201,0.0054,0.1062,20282,7595,9215,0.814,0.3029,0.5604,0.7128,0.0863,5.1,16750,23955,12000,0.959999979,0.379999995,20.85000038,81363.98,76873.5,5.289999962,143,1906,40000,38100
East Tennessee State University,3,4,Public,Southeast,Small City,0.8649,22,1026,11399,0.8495,0.0601,0.0199,0.0118,0.0033,0.0009,0.0242,0.0229,0.1506,22485,12462,6711,0.6949,0.4367,0.4129,0.6619,0.2441,12.4,14250,20259,10500,0.860000014,0.649999976,23.03000069,49111.05,36276,10.48999977,399,2596,35200,30900
East Texas Baptist University,3,4,Private,Southwest,Distant Town,0.7362,20,957,1132,0.6422,0.1926,0.1016,0.0035,0.0062,0.0027,0.0327,0.0097,0.0601,30172,7590,6153,0.7653,0.4601,0.3333,0.5714,0.0928,12.5,11411,23321,9000,0.930000007,0.589999974,20.82999992,63936.79,52871,10.82999992,73,578,38400,37500
Eastern Connecticut State University,3,4,Public,New England,Fringe Town,0.6453,22,1017,4920,0.7024,0.0648,0.0872,0.0217,0.002,0.001,0.0248,0.0112,0.1069,22633,8554,8091,1,0.2644,0.508,0.781,0.1056,5.8,17500,23000,10247.5,0.949999988,0.400000006,21.11000061,81834.42,76549,4.880000114,99,1364,40600,39500
Eastern Illinois University,3,4,Public,Great Lakes,Remote Town,0.6191,22,1010,8255,0.707,0.181,0.0491,0.0082,0.0019,0.0006,0.0187,0.0084,0.1137,23346,12690,7773,0.817,0.3923,0.6033,0.7707,0.1389,6.2,18750,23767,11467,0.939999998,0.479999989,21.32999992,75174.62,69586,6.03000021,202,3323,38000,36000
Eastern Kentucky University,3,4,Public,Southeast,Distant Town,0.6002,22,1009,13247,0.849,0.0551,0.0181,0.0103,0.0034,0.001,0.0215,0.0201,0.173,17801,8413,6910,0.7905,0.4278,0.3888,0.7149,0.254,12.8,14921.5,23179.5,9766.5,0.889999986,0.629999995,22.37000084,53226.68,40016,13.73999977,505,3561,34900,31900
Eastern Mennonite University,3,4,Private,Southeast,Small City,0.6505,22,999,1148,0.7779,0.0575,0.074,0.0174,0,0,0.0148,0.0314,0.0226,38009,11464,5903,1,0.3052,0.6355,0.7742,0.2399,4.3,14926,22348,10749,0.980000019,0.430000007,22.87000084,77305.35,66842,6.489999771,36,434,38500,34900
Eastern Michigan University,3,4,Public,Great Lakes,Large Suburb,0.6398,22,1011,18543,0.6461,0.2088,0.0363,0.0225,0.003,0.0006,0.0303,0.0209,0.2789,18905,8307,8853,1,0.447,0.3844,0.7381,0.2681,12.9,19114.5,26000,14000,0.959999979,0.550000012,22.51000023,64529.91,52069,6.900000095,562,4223,36800,33800
Eastern New Mexico University-Main Campus,3,4,Public,Southwest,Remote Town,0.6321,20,932,3767,0.4794,0.051,0.3472,0.0109,0.025,0.0048,0.0271,0.0313,0.271,15021,5613,5960,0.5205,0.4102,0.2875,0.5812,0.2728,20,9436,16166,7500,0.560000002,0.860000014,24,32978.68,24637,15.31999969,421,2019,30000,26100
Eastern Oregon University,3,4,Public,Far West,Remote Town,0.67,0,935,3422,0.7916,0.0286,0.0634,0.0222,0.0248,0.014,0.0073,0.0114,0.377,18959,6622,6057,0.8714,0.5105,0.2325,0.6378,0.4875,8.4,14820,22500,12175.5,0.910000026,0.680000007,25.95999908,47863.56,38491,8.930000305,179,1096,37900,35100
Eastern University,3,4,Private,Mid-Atlantic,Large Suburb,0.6409,21,1041,2458,0.5395,0.2111,0.1513,0.0199,0.0053,0.0008,0.0037,0.0199,0.1558,39764,7909,6289,0.3358,0.4091,0.5466,0.8033,0.2979,8.9,20927,26181.5,14311.5,0.980000019,0.360000014,24.75,76532.53,70417,7.650000095,108,868,43500,37900
Eastern Washington University,3,4,Public,Far West,Fringe Town,0.7967,21,970,11672,0.6625,0.0351,0.1192,0.0298,0.0118,0.0029,0.0428,0.0279,0.1678,19831,6495,7287,0.6404,0.3871,0.4524,0.7479,0.2113,6.3,15265,20500,11666,0.910000026,0.579999983,22.86000061,55129.84,43755.5,8.899999619,359,2794,40000,37700
Eckerd College,3,3,Private,Southeast,Mid-size City,0.7104,26,1138,2163,0.7614,0.0559,0.0791,0.0148,0.006,0.0018,0.0273,0.0393,0.1026,49802,11371,7433,0.6907,0.2341,0.6617,0.8321,0.1859,9.4,23000,27000,20500,0.959999979,0.349999994,24.62000084,88787.07,71700,6.139999866,94,676,42100,36000
Edgewood College,3,4,Private,Great Lakes,Mid-size City,0.7656,23,1050,1914,0.803,0.0287,0.0538,0.0204,0.0037,0.001,0.0334,0.0361,0.1301,35645,7703,5576,0.5219,0.3353,0.5662,0.8176,0.2222,4.2,20568,26975,12000,0.970000029,0.409999996,22.5,74441.92,63152,4.170000076,53,728,43200,40300
Edinboro University of Pennsylvania,3,4,Public,Mid-Atlantic,Fringe Town,0.8735,20,930,5756,0.8433,0.0711,0.0297,0.0082,0.0019,0.0005,0.0226,0.017,0.0764,19886,8518,8925,0.8479,0.4558,0.4175,0.723,0.133,10.5,18750,27000,10250,0.959999979,0.579999983,21.95000076,58219.63,51587,7.869999886,252,2582,33600,30900
Elizabeth City State University,3,4,Public,Southeast,Distant Town,0.5715,17,849,2276,0.1428,0.7469,0.0066,0.0035,0.0053,0.0004,0.0062,0.0004,0.0655,10620,8556,7545,0.9763,0.7029,0.4159,0.7247,0.1926,22.9,18137,24886,12692,0.860000014,0.839999974,21.97999954,36585.54,26308,13.51000023,82,721,27100,25100
Elizabethtown College,3,4,Private,Mid-Atlantic,Large Suburb,0.6957,25,1117,1808,0.88,0.0249,0.031,0.0171,0.0039,0.0011,0.0105,0.0315,0.0066,47390,13704,8137,0.6116,0.2175,0.7741,0.8167,0.0065,3.6,23872.5,27000,7052,0.99000001,0.289999992,21.25,97288.84,90303,4.610000134,41,713,45800,44400
Elmhurst College,3,4,Private,Great Lakes,Large Suburb,0.718,24,1084,2819,0.7251,0.0454,0.1281,0.0465,0.0025,0.0014,0.0287,0.0025,0.0355,41472,8096,7596,0.4669,0.3198,0.7402,0.7821,0.1069,2.1,18791.5,23250,9500,0.949999988,0.449999988,22.21999931,78522.59,67472.5,4.420000076,58,848,45700,42700
Elmira College,3,4,Private,Mid-Atlantic,Small City,0.7978,24,1060,1315,0.7027,0.035,0.0335,0.0076,0.0053,0,0.0228,0.0319,0.1224,50608,8417,4676,0.5251,0.3478,0.6265,0.736,0.1094,7.1,21500,27000,8252,0.99000001,0.409999996,20.93000031,83550.66,73671,6.590000153,42,550,40600,37600
Elon University,3,4,Private,Southeast,Mid-size Suburb,0.5398,25,1200,5599,0.8162,0.0632,0.0463,0.0191,0.0034,0.0009,0.0163,0.0177,0.0241,41679,14745,8485,0.7118,0.0911,0.8165,0.8989,0.0061,2.4,20500,24500,19000,0.980000019,0.25,19.53000069,118353.3,104953,4.829999924,46,939,47500,43600
Embry-Riddle Aeronautical University-Daytona Beach,3,4,Private,Southeast,Small City,0.7405,24,1105,4666,0.5332,0.0574,0.0705,0.0463,0.0047,0.0024,0.0437,0.1595,0.0667,45648,16386,8505,0.8602,0.3103,0.569,0.778,0.1423,4.6,16500,26000,11750,0.910000026,0.479999989,23.22999954,71628,52839,7.300000191,226,2940,59200,53800
Embry-Riddle Aeronautical University-Prescott,3,4,Private,Southwest,Fringe Rural,0.7898,26,1171,1802,0.6016,0.0172,0.0755,0.0494,0.0055,0.0061,0.076,0.0855,0.0638,45228,18433,8387,0.7018,0.2884,0.5915,0.828,0.1166,4.6,16500,26000,11750,0.910000026,0.479999989,23.22999954,71628,52839,7.300000191,226,2940,59200,53800
Embry-Riddle Aeronautical University-Worldwide,3,4,Private,Southeast,Small City,0.9944,0,0,9689,0.4981,0.0791,0.0689,0.0235,0.0053,0.0065,0.0448,0.0206,0.7012,20932,4047,5326,0.4133,0.2531,0.5,0.617,0.8851,4.6,16500,26000,11750,0.910000026,0.479999989,23.22999954,71628,52839,7.300000191,226,2940,59200,53800
Emerson College,3,4,Private,New England,Large City,0.4798,28,1240,3720,0.6465,0.0296,0.1022,0.0387,0.0005,0.0008,0.0457,0.0465,0.0142,51158,9283,9204,0.4357,0.1702,0.8147,0.8811,0.0194,2.5,21500,23312,8750,0.99000001,0.25999999,19.67000008,108523.09,94808,5.420000076,95,1038,42600,38900
Emmanuel College,3,4,Private,New England,Large City,0.6049,24,1090,2040,0.701,0.0544,0.0569,0.0299,0.0029,0.0015,0.023,0.0127,0.0897,49487,7555,8155,0.447,0.2337,0.5808,0.8101,0.0855,5.6,24250,27000,11250,0.99000001,0.349999994,20.63999939,91299.92,81534,6.019999981,32,579,43800,42200
Emory University,3,4,Private,Southeast,Large Suburb,0.2633,31,1363,7705,0.4048,0.0924,0.0623,0.2204,0.0014,0.0001,0.0278,0.1508,0.0127,58180,33796,12133,0.6792,0.2192,0.8961,0.9438,0.031,2.4,19000,19500,12000,0.970000029,0.319999993,21.20000076,95403.45,64962,6.059999943,104,1047,72500,56900
Emporia State University,3,4,Public,Great Plains,Remote Town,0.6069,22,1030,3724,0.724,0.0569,0.0653,0.0064,0.0035,0.0008,0.0534,0.0752,0.0913,15612,7795,6268,0.9122,0.3909,0.4054,0.7304,0.1727,8.4,14000,21000,9500,0.939999998,0.560000002,21.84000015,60261.55,54559,6.880000114,159,1617,35100,33200
Endicott College,3,4,Private,New England,Large Suburb,0.7165,23,1070,2621,0.8214,0.021,0.0362,0.0095,0.0023,0.0008,0.0187,0.0156,0.0771,44177,5860,8415,0.2717,0.1575,0.7129,0.8069,0.0892,2.8,23250,27000,6500,0.99000001,0.239999995,19.87000084,112351.07,109499.5,4.110000134,36,744,45500,43800
Evangel University,3,4,Private,Great Plains,Mid-size City,0.6425,23,1046,2071,0.705,0.0435,0.0526,0.0145,0.0101,0,0.0309,0.0063,0.0893,30988,6543,6433,0.5895,0.4662,0.5291,0.727,0.1305,7,16000,22975,10803.5,0.959999979,0.529999971,21.57999992,67444.26,58776,7.329999924,94,755,35900,32400
Everglades University,3,4,Private,Southeast,Small City,0.9104,0,0,1184,0.6242,0.1385,0.1655,0.016,0.011,0.0034,0.027,0.0084,0,27322,3681,2635,0.3761,0.5563,0.6197,0.717,0.7829,13.9,27332,44974,10500,0.980000019,0.629999995,31.95000076,44637.68,31989,7.980000019,47,267,45900,41000
Fairfield University,3,4,Private,New England,Large Suburb,0.7116,0,0,3721,0.7162,0.0271,0.0785,0.0215,0.0011,0.0008,0.0121,0.0175,0.0484,56628,10775,10214,0.9962,0.1531,0.8207,0.8697,0.0604,0.9,24000,26778,6750,0.980000019,0.200000003,19.96999931,131692.71,116850,4.190000057,41,852,66100,60200
Fairleigh Dickinson University-College at Florham,3,4,Private,Mid-Atlantic,Large Suburb,0.7774,0,1020,2242,0.6021,0.1124,0.1387,0.0375,0.0071,0.0009,0.0165,0.0058,0.058,51159,11322,8250,0.3457,0.3273,0.5423,0.7314,0.0576,4.3,18750,25000,11000,0.959999979,0.469999999,22.43000031,76470.17,57373,6.340000153,197,1777,46000,42700
Fairleigh Dickinson University-Metropolitan Campus,3,4,Private,Mid-Atlantic,Large Suburb,0.7341,0,985,3915,0.2656,0.139,0.352,0.0462,0.0013,0.0026,0.0105,0.0746,0.3172,43227,7217,8296,0.2433,0.2527,0.465,0.7208,0.2313,4.3,18750,25000,11000,0.959999979,0.469999999,22.43000031,76470.17,57373,6.340000153,197,1777,46000,42700
Fairmont State University,3,4,Public,Southeast,Distant Town,0.6649,21,965,3856,0.8615,0.0516,0.0184,0.0036,0.0026,0.0013,0.0226,0.0244,0.1154,14710,6107,6656,0.9405,0.4803,0.3513,0.6117,0.2642,17,14210,23478,10500,0.889999986,0.699999988,23.06999969,45075.59,36183,12.81999969,314,2070,33400,29400
Farmingdale State College,3,3,Public,Mid-Atlantic,Large Suburb,0.5264,21,969,7455,0.6145,0.1057,0.1543,0.0699,0.002,0.0048,0.0168,0.0276,0.2072,15258,9540,7951,0.3106,0.2708,0.4574,0.8234,0.2464,7.6,11000,15393,10000,0.779999971,0.569999993,22.84000015,60549.91,44234,6.139999866,167,1322,47900,44200
Fayetteville State University,3,4,Public,Southeast,Mid-size City,0.5496,18,851,5077,0.1656,0.6715,0.0605,0.0124,0.0207,0.0006,0.0047,0.0079,0.2316,13188,8010,8064,0.8166,0.5873,0.3215,0.7133,0.4333,13.2,17003.5,21232,13043,0.879999995,0.829999983,23.79000092,35071.6,26610.5,11.98999977,216,1329,30000,26700
Felician College,3,4,Private,Mid-Atlantic,Large Suburb,0.8819,19,877,1618,0.3838,0.1978,0.2417,0.0797,0.0056,0.008,0.0241,0.0235,0.1724,41750,8805,6612,0.5749,0.4699,0.4592,0.7588,0.3831,5.8,20834,25000,16067.5,0.930000007,0.519999981,25.38999939,64996.12,48610,7.210000038,68,455,43400,39800
Ferris State University,3,4,Public,Great Lakes,Remote Town,0.759,22,1010,12646,0.7919,0.0744,0.0342,0.0141,0.0062,0.0005,0.0272,0.0214,0.2749,21498,8696,7942,0.6112,0.4123,0.4319,0.7665,0.2387,9.5,17562,25522,11250,0.970000029,0.519999981,21.87000084,67189.85,59172,6.820000172,335,3980,42400,38400
Ferrum College,3,3,Private,Southeast,Distant Rural,0.7411,17,868,1506,0.5193,0.3187,0.0491,0.0033,0.004,0.0027,0.0518,0.0093,0.0093,38620,6349,5887,1,0.5689,0.3181,0.4927,0.0205,12.8,11250,30920,10250,0.959999979,0.550000012,20.61000061,63285.28,52888,7.460000038,42,519,33800,32400
Fitchburg State University,3,4,Public,New England,Mid-size Suburb,0.7211,20,987,4148,0.7635,0.055,0.0875,0.0188,0.001,0,0.0248,0.0053,0.177,17686,7938,8371,0.5562,0.3416,0.5029,0.7808,0.1736,7.8,15529.5,21750,8750,0.939999998,0.419999987,21.27000046,75368.32,70609.5,6.090000153,96,1038,40000,38700
Flagler College-St Augustine,3,3,Private,Southeast,Small Suburb,0.4987,23,1096,2839,0.7584,0.0395,0.0814,0.006,0.0039,0.0007,0.0257,0.0335,0.0328,28305,5796,6087,0.424,0.2922,0.6309,0.6687,0.1011,6,16500,23638,7500,0.939999998,0.449999988,21.80999947,72203.48,61140,7.170000076,89,851,34300,33800